site,date,requests
KG,2023-06-05,94
Portal,2023-06-05,281
Apps,2023-06-06,17
CDN,2023-06-06,4
KG,2023-06-06,254
Portal,2023-06-06,1496
Apps,2023-06-07,43
CDN,2023-06-07,43
Portal,2023-06-07,1890
KG,2023-06-07,235
Portal,2023-06-08,1367
CDN,2023-06-08,4
KG,2023-06-08,345
Apps,2023-06-08,5
CDN,2023-06-09,3
KG,2023-06-09,218
Portal,2023-06-09,736
Apps,2023-06-09,1
Portal,2023-06-10,504
CDN,2023-06-10,1
KG,2023-06-10,75
Apps,2023-06-10,1
KG,2023-06-11,10191
Portal,2023-06-11,942
Apps,2023-06-11,1
CDN,2023-06-11,1
CDN,2023-06-12,6
Apps,2023-06-12,20
KG,2023-06-12,2442
Portal,2023-06-12,2495
Portal,2023-06-13,1683
Apps,2023-06-13,10
CDN,2023-06-13,4
KG,2023-06-13,1100
Portal,2023-06-14,1216
KG,2023-06-14,878
Portal,2023-06-15,6711
KG,2023-06-15,812
CDN,2023-06-16,3
Apps,2023-06-16,1
KG,2023-06-16,289
Portal,2023-06-16,2479
Portal,2023-06-17,462
KG,2023-06-17,54
KG,2023-06-18,51
Portal,2023-06-18,231
Portal,2023-06-19,913
CDN,2023-06-19,1
KG,2023-06-19,129
Apps,2023-06-19,3
CDN,2023-06-20,6
KG,2023-06-20,170
Portal,2023-06-20,2287
CDN,2023-06-21,2
Apps,2023-06-21,6
KG,2023-06-21,431
Portal,2023-06-21,2882
Portal,2023-06-22,2430
CDN,2023-06-22,3
Apps,2023-06-22,12
KG,2023-06-22,364
KG,2023-06-23,207
Portal,2023-06-23,1276
CDN,2023-06-23,1
Apps,2023-06-23,17
Apps,2023-06-24,621
KG,2023-06-24,29
Portal,2023-06-24,449
API,2023-06-24,8
CDN,2023-06-24,1
Portal,2023-06-25,586
CDN,2023-06-25,1
KG,2023-06-25,84
KG,2023-06-26,1596
Portal,2023-06-26,1157
Apps,2023-06-27,10
Portal,2023-06-27,1172
KG,2023-06-27,522
Apps,2023-06-28,6
Portal,2023-06-28,1484
CDN,2023-06-28,1
KG,2023-06-28,417
Portal,2023-06-29,884
Apps,2023-06-29,1
KG,2023-06-29,707
CDN,2023-06-29,13
Portal,2023-06-30,805
KG,2023-06-30,335
Apps,2023-06-30,3
CDN,2023-06-30,4
CDN,2023-07-01,34
Portal,2023-07-01,375
KG,2023-07-01,34
KG,2023-07-02,75
Portal,2023-07-02,467
Apps,2023-07-03,16
CDN,2023-07-03,3
KG,2023-07-03,193
Portal,2023-07-03,668
Portal,2023-07-04,827
CDN,2023-07-04,1
KG,2023-07-04,126
CDN,2023-07-05,2
Portal,2023-07-05,1643
KG,2023-07-05,271
KG,2023-07-06,345
Portal,2023-07-06,2210
CDN,2023-07-06,19
Portal,2023-07-07,1572
CDN,2023-07-07,3
Apps,2023-07-07,2
KG,2023-07-07,324
KG,2023-07-08,55
Portal,2023-07-08,356
KG,2023-07-09,98
Portal,2023-07-09,449
Portal,2023-07-10,1076
KG,2023-07-10,182
Apps,2023-07-10,1
CDN,2023-07-10,16
KG,2023-07-11,413
Portal,2023-07-11,1886
Portal,2023-07-12,1925
Apps,2023-07-12,2
KG,2023-07-12,410
CDN,2023-07-12,3
KG,2023-07-13,130
Portal,2023-07-13,1442
Apps,2023-07-14,1
KG,2023-07-14,151
Portal,2023-07-14,1407
CDN,2023-07-14,4
KG,2023-07-15,89
Portal,2023-07-15,996
CDN,2023-07-15,3
Apps,2023-07-15,1
Apps,2023-07-16,2
CDN,2023-07-16,16
KG,2023-07-16,66
Portal,2023-07-16,713
Portal,2023-07-17,1479
KG,2023-07-17,250
Apps,2023-07-17,33
CDN,2023-07-17,2
Portal,2023-07-18,2782
KG,2023-07-18,252
Portal,2023-07-19,4623
KG,2023-07-19,362
CDN,2023-07-19,2
Apps,2023-07-20,1
Portal,2023-07-20,7447
KG,2023-07-20,1022
KG,2023-07-21,561
CDN,2023-07-21,3
Apps,2023-07-21,3
Portal,2023-07-21,5546
Apps,2023-07-22,8
Portal,2023-07-22,1629
KG,2023-07-22,189
KG,2023-07-23,134
Portal,2023-07-23,2170
Apps,2023-07-23,23
Apps,2023-07-24,2
Portal,2023-07-24,5314
KG,2023-07-24,743
CDN,2023-07-24,1
KG,2023-07-25,890
Portal,2023-07-25,4525
KG,2023-07-26,654
Portal,2023-07-26,5121
CDN,2023-07-26,2
KG,2023-07-27,399
Portal,2023-07-27,3976
CDN,2023-07-27,3
CDN,2023-07-28,5
Portal,2023-07-28,1871
KG,2023-07-28,408
Apps,2023-07-28,3
Portal,2023-07-29,953
KG,2023-07-29,144
Portal,2023-07-30,1098
KG,2023-07-30,170
Apps,2023-07-30,15
CDN,2023-07-30,1
Portal,2023-07-31,3418
Apps,2023-07-31,2
KG,2023-07-31,472
Portal,2023-08-01,3294
KG,2023-08-01,644
KG,2023-08-02,397
Apps,2023-08-02,5
Portal,2023-08-02,3529
KG,2023-08-03,447
Apps,2023-08-03,9
Portal,2023-08-03,3326
CDN,2023-08-03,2
CDN,2023-08-04,4
Portal,2023-08-04,2596
KG,2023-08-04,377
CDN,2023-08-05,4
Portal,2023-08-05,1534
KG,2023-08-05,196
Portal,2023-08-06,850
CDN,2023-08-06,16
KG,2023-08-06,120
CDN,2023-08-07,12
KG,2023-08-07,325
Apps,2023-08-07,3
Portal,2023-08-07,3070
KG,2023-08-08,734
Portal,2023-08-08,5009
Apps,2023-08-08,1
CDN,2023-08-09,5
Portal,2023-08-09,3908
KG,2023-08-09,806
Portal,2023-08-10,4640
KG,2023-08-10,427
CDN,2023-08-10,2
KG,2023-08-11,418
Portal,2023-08-11,3040
CDN,2023-08-11,4
Apps,2023-08-11,6
Apps,2023-08-12,12
Portal,2023-08-12,1141
KG,2023-08-12,124
CDN,2023-08-12,3
CDN,2023-08-13,2
Portal,2023-08-13,1202
KG,2023-08-13,100
KG,2023-08-14,262
Apps,2023-08-14,1
Portal,2023-08-14,2241
Portal,2023-08-15,2207
CDN,2023-08-15,3
Apps,2023-08-15,1
KG,2023-08-15,515
Apps,2023-08-16,16
Portal,2023-08-16,2414
CDN,2023-08-16,17
KG,2023-08-16,413
Apps,2023-08-17,21
KG,2023-08-17,389
Portal,2023-08-17,2887
KG,2023-08-18,424
CDN,2023-08-18,11
Apps,2023-08-18,9
Portal,2023-08-18,2282
Apps,2023-08-19,19
KG,2023-08-19,98
Portal,2023-08-19,1220
KG,2023-08-20,113
Portal,2023-08-20,1121
Apps,2023-08-20,21
CDN,2023-08-20,1
Portal,2023-08-21,1717
KG,2023-08-21,438
Apps,2023-08-21,5
CDN,2023-08-22,4
KG,2023-08-22,351
Portal,2023-08-22,1814
Apps,2023-08-22,5
Portal,2023-08-23,3038
Apps,2023-08-23,5
CDN,2023-08-23,5
KG,2023-08-23,507
Apps,2023-08-24,16
Portal,2023-08-24,2250
CDN,2023-08-24,4
KG,2023-08-24,510
Portal,2023-08-25,3484
KG,2023-08-25,304
CDN,2023-08-25,22
Apps,2023-08-25,14
CDN,2023-08-26,17
KG,2023-08-26,106
Apps,2023-08-26,29
Portal,2023-08-26,1798
Portal,2023-08-27,1531
Apps,2023-08-27,6
CDN,2023-08-27,9
KG,2023-08-27,1168
CDN,2023-08-28,7
Portal,2023-08-28,3477
KG,2023-08-28,309
Portal,2023-08-29,2781
Apps,2023-08-29,4
KG,2023-08-29,439
KG,2023-08-30,630
Portal,2023-08-30,2878
Apps,2023-08-30,1
CDN,2023-08-30,18
Apps,2023-08-31,28
CDN,2023-08-31,32
Portal,2023-08-31,2861
KG,2023-08-31,480
KG,2023-09-01,309
CDN,2023-09-01,5
Apps,2023-09-01,2
Portal,2023-09-01,2329
KG,2023-09-02,123
Apps,2023-09-02,1
Portal,2023-09-02,884
KG,2023-09-03,70
Portal,2023-09-03,708
Apps,2023-09-03,31
CDN,2023-09-03,2
Apps,2023-09-04,4
Portal,2023-09-04,1153
KG,2023-09-04,85
CDN,2023-09-05,5
KG,2023-09-05,334
Apps,2023-09-05,2
Portal,2023-09-05,1818
CDN,2023-09-06,2
KG,2023-09-06,425
Portal,2023-09-06,1989
KG,2023-09-07,406
CDN,2023-09-07,12
Apps,2023-09-07,1
Portal,2023-09-07,1750
Portal,2023-09-08,1374
KG,2023-09-08,604
Apps,2023-09-08,2
CDN,2023-09-08,1
CDN,2023-09-09,2
Apps,2023-09-09,3
Portal,2023-09-09,518
KG,2023-09-09,81
Portal,2023-09-10,733
KG,2023-09-10,56
Apps,2023-09-10,1
CDN,2023-09-10,2
Apps,2023-09-11,2
KG,2023-09-11,427
CDN,2023-09-11,39
Portal,2023-09-11,1591
Portal,2023-09-12,1401
KG,2023-09-12,404
CDN,2023-09-12,15
Apps,2023-09-12,19
Portal,2023-09-13,1663
KG,2023-09-13,674
CDN,2023-09-13,3
Portal,2023-09-14,1944
CDN,2023-09-14,16
KG,2023-09-14,701
Apps,2023-09-14,12
Portal,2023-09-15,1130
Apps,2023-09-15,1
CDN,2023-09-15,18
KG,2023-09-15,1119
Apps,2023-09-16,8
Portal,2023-09-16,826
KG,2023-09-16,151
KG,2023-09-17,27
Apps,2023-09-17,12
Portal,2023-09-17,865
CDN,2023-09-18,4
Portal,2023-09-18,1154
KG,2023-09-18,693
Apps,2023-09-18,17
Apps,2023-09-19,6
CDN,2023-09-19,5
Portal,2023-09-19,1152
KG,2023-09-19,706
Portal,2023-09-20,768
KG,2023-09-20,373
Apps,2023-09-20,12
Portal,2023-09-21,1339
KG,2023-09-21,411
CDN,2023-09-21,3
Portal,2023-09-22,1375
Apps,2023-09-22,12
CDN,2023-09-22,3
KG,2023-09-22,605
Apps,2023-09-23,1
Portal,2023-09-23,429
CDN,2023-09-23,16
KG,2023-09-23,91
Portal,2023-09-24,294
Apps,2023-09-24,14
KG,2023-09-24,65
KG,2023-09-25,566
Portal,2023-09-25,1306
CDN,2023-09-25,6
Apps,2023-09-25,4
KG,2023-09-26,441
CDN,2023-09-26,5
Portal,2023-09-26,1400
KG,2023-09-27,646
Portal,2023-09-27,1635
CDN,2023-09-27,2
Apps,2023-09-28,3
KG,2023-09-28,915
Portal,2023-09-28,895
CDN,2023-09-29,6
KG,2023-09-29,1054
Portal,2023-09-29,1267
Apps,2023-09-29,1
KG,2023-09-30,84
Apps,2023-09-30,3
CDN,2023-09-30,2
Portal,2023-09-30,586
KG,2023-10-01,86
Apps,2023-10-01,16
Portal,2023-10-01,447
CDN,2023-10-01,1
CDN,2023-10-02,3
Apps,2023-10-02,6
KG,2023-10-02,1495
Portal,2023-10-02,2159
Apps,2023-10-03,2
Portal,2023-10-03,2379
KG,2023-10-03,796
CDN,2023-10-03,879
Portal,2023-10-04,1557
Apps,2023-10-04,6
KG,2023-10-04,299
CDN,2023-10-04,291
Portal,2023-10-05,1966
KG,2023-10-05,318
CDN,2023-10-05,442
Portal,2023-10-06,1935
KG,2023-10-06,276
CDN,2023-10-06,179
Portal,2023-10-07,892
CDN,2023-10-07,134
KG,2023-10-07,112
CDN,2023-10-08,64
Portal,2023-10-08,568
KG,2023-10-08,193
KG,2023-10-09,156
Portal,2023-10-09,1380
CDN,2023-10-09,160
Apps,2023-10-10,1
CDN,2023-10-10,111
Portal,2023-10-10,1798
KG,2023-10-10,347
CDN,2023-10-11,128
KG,2023-10-11,341
Portal,2023-10-11,1614
KG,2023-10-12,223
CDN,2023-10-12,110
Apps,2023-10-12,2
Portal,2023-10-12,1304
CDN,2023-10-13,113
Portal,2023-10-13,1624
Apps,2023-10-13,9
KG,2023-10-13,261
CDN,2023-10-14,17
KG,2023-10-14,59
Apps,2023-10-14,1
Portal,2023-10-14,519
Portal,2023-10-15,627
Apps,2023-10-15,9
CDN,2023-10-15,18
KG,2023-10-15,171
KG,2023-10-16,358
Portal,2023-10-16,976
Apps,2023-10-16,10
CDN,2023-10-16,159
CDN,2023-10-17,120
Portal,2023-10-17,1441
KG,2023-10-17,238
Apps,2023-10-18,5
KG,2023-10-18,647
CDN,2023-10-18,159
Portal,2023-10-18,1125
API,2023-10-18,317
Portal,2023-10-19,1178
CDN,2023-10-19,184
Apps,2023-10-19,2
KG,2023-10-19,312
API,2023-10-19,497
Portal,2023-10-20,1010
API,2023-10-20,162
KG,2023-10-20,136
Apps,2023-10-20,1
CDN,2023-10-20,74
Apps,2023-10-21,1
KG,2023-10-21,114
Portal,2023-10-21,691
CDN,2023-10-21,77
Portal,2023-10-22,835
Apps,2023-10-22,1
KG,2023-10-22,95
CDN,2023-10-22,66
Apps,2023-10-23,2
KG,2023-10-23,193
API,2023-10-23,219
CDN,2023-10-23,92
Portal,2023-10-23,963
CDN,2023-10-24,56
Apps,2023-10-24,16
API,2023-10-24,169
KG,2023-10-24,291
Portal,2023-10-24,919
Portal,2023-10-25,1643
API,2023-10-25,75
KG,2023-10-25,146
Apps,2023-10-25,3
CDN,2023-10-25,266
API,2023-10-26,103
KG,2023-10-26,1494
CDN,2023-10-26,90
Portal,2023-10-26,1377
API,2023-10-27,117
KG,2023-10-27,1197
Portal,2023-10-27,1768
Apps,2023-10-27,4
CDN,2023-10-27,304
Portal,2023-10-28,488
KG,2023-10-28,169
Apps,2023-10-28,5
CDN,2023-10-28,46
Apps,2023-10-29,14
Portal,2023-10-29,664
KG,2023-10-29,147
CDN,2023-10-29,86
CDN,2023-10-30,1211
API,2023-10-30,284
Portal,2023-10-30,1037
Apps,2023-10-30,15
KG,2023-10-30,781
Apps,2023-10-31,351
Portal,2023-10-31,1959
API,2023-10-31,818
KG,2023-10-31,655
CDN,2023-10-31,379
CDN,2023-11-01,241
KG,2023-11-01,477
Apps,2023-11-01,77
Portal,2023-11-01,2051
API,2023-11-01,508
CDN,2023-11-02,747
API,2023-11-02,23
Apps,2023-11-02,143
KG,2023-11-02,616
Portal,2023-11-02,1404
API,2023-11-03,177
CDN,2023-11-03,833
KG,2023-11-03,546
Apps,2023-11-03,227
Portal,2023-11-03,1303
API,2023-11-04,8
KG,2023-11-04,306
Apps,2023-11-04,877
CDN,2023-11-04,769
Portal,2023-11-04,568
CDN,2023-11-05,828
Portal,2023-11-05,754
KG,2023-11-05,280
Apps,2023-11-05,18
API,2023-11-05,27
CDN,2023-11-06,937
KG,2023-11-06,689
API,2023-11-06,269
Apps,2023-11-06,142
Portal,2023-11-06,1935
KG,2023-11-07,1618
Apps,2023-11-07,108
Portal,2023-11-07,1288
API,2023-11-07,1738
CDN,2023-11-07,829
CDN,2023-11-08,796
Apps,2023-11-08,250
API,2023-11-08,6292
Portal,2023-11-08,1242
KG,2023-11-08,892
CDN,2023-11-09,934
Apps,2023-11-09,201
API,2023-11-09,676
Portal,2023-11-09,1532
KG,2023-11-09,687
API,2023-11-10,825
CDN,2023-11-10,917
KG,2023-11-10,565
Apps,2023-11-10,535
Portal,2023-11-10,1938
KG,2023-11-11,189
API,2023-11-11,9
Portal,2023-11-11,1549
CDN,2023-11-11,858
Apps,2023-11-11,19
API,2023-11-12,20
CDN,2023-11-12,803
KG,2023-11-12,289
Portal,2023-11-12,825
Apps,2023-11-12,22
Portal,2023-11-13,1125
API,2023-11-13,121
Apps,2023-11-13,19
KG,2023-11-13,1374
CDN,2023-11-13,806
CDN,2023-11-14,863
KG,2023-11-14,436
Portal,2023-11-14,1159
Apps,2023-11-14,5
API,2023-11-14,685
Portal,2023-11-15,1261
CDN,2023-11-15,821
KG,2023-11-15,603
Apps,2023-11-15,183
API,2023-11-15,701
CDN,2023-11-16,881
API,2023-11-16,1089
Portal,2023-11-16,1755
KG,2023-11-16,957
Apps,2023-11-16,198
CDN,2023-11-17,828
Apps,2023-11-17,6
KG,2023-11-17,488
Portal,2023-11-17,1086
API,2023-11-17,1036
API,2023-11-18,78
Portal,2023-11-18,868
KG,2023-11-18,229
CDN,2023-11-18,771
Apps,2023-11-19,6
Portal,2023-11-19,432
CDN,2023-11-19,783
KG,2023-11-19,253
API,2023-11-19,23
KG,2023-11-20,436
CDN,2023-11-20,782
Apps,2023-11-20,8
Portal,2023-11-20,1056
API,2023-11-20,825
CDN,2023-11-21,864
Portal,2023-11-21,1564
Apps,2023-11-21,15
API,2023-11-21,8980
KG,2023-11-21,455
API,2023-11-22,2995
CDN,2023-11-22,814
Portal,2023-11-22,1038
KG,2023-11-22,388
CDN,2023-11-23,911
API,2023-11-23,146
Portal,2023-11-23,715
Apps,2023-11-23,1
KG,2023-11-23,727
Portal,2023-11-24,748
CDN,2023-11-24,828
Apps,2023-11-24,36
KG,2023-11-24,904
API,2023-11-24,96
CDN,2023-11-25,842
Apps,2023-11-25,2
Portal,2023-11-25,562
KG,2023-11-25,209
API,2023-11-25,70
Apps,2023-11-26,1
API,2023-11-26,287
Portal,2023-11-26,774
KG,2023-11-26,194
CDN,2023-11-26,753
CDN,2023-11-27,844
API,2023-11-27,1528
Apps,2023-11-27,205
Portal,2023-11-27,1270
KG,2023-11-27,693
KG,2023-11-28,1090
Apps,2023-11-28,667
CDN,2023-11-28,891
Portal,2023-11-28,1192
API,2023-11-28,3211
CDN,2023-11-29,879
Portal,2023-11-29,1533
KG,2023-11-29,845
Apps,2023-11-29,418
API,2023-11-29,2065
Portal,2023-11-30,1838
API,2023-11-30,763
Apps,2023-11-30,77
KG,2023-11-30,512
CDN,2023-11-30,1754
KG,2023-12-01,496
Portal,2023-12-01,1860
API,2023-12-01,2550
CDN,2023-12-01,915
Apps,2023-12-01,13
CDN,2023-12-02,804
Portal,2023-12-02,998
KG,2023-12-02,350
API,2023-12-02,410
Apps,2023-12-02,65
API,2023-12-03,4263
CDN,2023-12-03,798
KG,2023-12-03,606
Portal,2023-12-03,1083
Apps,2023-12-03,12
Apps,2023-12-04,712
CDN,2023-12-04,1323
Portal,2023-12-04,4816
API,2023-12-04,9318
KG,2023-12-04,814
Portal,2023-12-05,4653
KG,2023-12-05,713
API,2023-12-05,3525
Apps,2023-12-05,341
CDN,2023-12-05,1162
KG,2023-12-06,775
Apps,2023-12-06,62
Portal,2023-12-06,2622
CDN,2023-12-06,1221
API,2023-12-06,1226
KG,2023-12-07,907
Portal,2023-12-07,1509
CDN,2023-12-07,1146
Apps,2023-12-07,33
API,2023-12-07,1884
CDN,2023-12-08,1206
KG,2023-12-08,1797
Apps,2023-12-08,835
Portal,2023-12-08,1577
API,2023-12-08,2235
Portal,2023-12-09,1012
API,2023-12-09,80
Apps,2023-12-09,27
KG,2023-12-09,397
CDN,2023-12-09,877
CDN,2023-12-10,973
KG,2023-12-10,350
API,2023-12-10,2035
Portal,2023-12-10,1359
Apps,2023-12-10,12
API,2023-12-11,3116
Apps,2023-12-11,29
CDN,2023-12-11,1578
KG,2023-12-11,780
Portal,2023-12-11,1296
CDN,2023-12-12,1932
KG,2023-12-12,700
API,2023-12-12,2674
Portal,2023-12-12,1728
Apps,2023-12-12,58
API,2023-12-13,3752
CDN,2023-12-13,1848
Apps,2023-12-13,21
Portal,2023-12-13,1259
KG,2023-12-13,1609
Portal,2023-12-14,2334
API,2023-12-14,1276
CDN,2023-12-14,1115
KG,2023-12-14,1057
Apps,2023-12-14,601
CDN,2023-12-15,1282
API,2023-12-15,4467
Apps,2023-12-15,124
KG,2023-12-15,1350
Portal,2023-12-15,2551
API,2023-12-16,245
KG,2023-12-16,271
CDN,2023-12-16,854
Portal,2023-12-16,649
Apps,2023-12-16,12
KG,2023-12-17,489
Portal,2023-12-17,605
API,2023-12-17,321
CDN,2023-12-17,925
Apps,2023-12-17,26
Portal,2023-12-18,1216
Apps,2023-12-18,19
CDN,2023-12-18,989
API,2023-12-18,884
KG,2023-12-18,404
Apps,2023-12-19,35
CDN,2023-12-19,883
API,2023-12-19,318
KG,2023-12-19,907
Portal,2023-12-19,1003
API,2023-12-20,391
KG,2023-12-20,702
CDN,2023-12-20,1085
Portal,2023-12-20,1776
Apps,2023-12-20,56
Portal,2023-12-21,700
Apps,2023-12-21,12
CDN,2023-12-21,867
KG,2023-12-21,405
API,2023-12-21,140
CDN,2023-12-22,946
Portal,2023-12-22,848
API,2023-12-22,371
KG,2023-12-22,303
Apps,2023-12-22,26
API,2023-12-23,492
CDN,2023-12-23,821
Portal,2023-12-23,522
KG,2023-12-23,168
Apps,2023-12-23,5
Apps,2023-12-24,6
API,2023-12-24,158
CDN,2023-12-24,826
Portal,2023-12-24,376
KG,2023-12-24,312
CDN,2023-12-25,832
API,2023-12-25,129
Portal,2023-12-25,494
KG,2023-12-25,181
Apps,2023-12-25,17
API,2023-12-26,392
CDN,2023-12-26,823
Portal,2023-12-26,537
Apps,2023-12-26,9
KG,2023-12-26,397
CDN,2023-12-27,851
Apps,2023-12-27,25
API,2023-12-27,136
Portal,2023-12-27,638
KG,2023-12-27,308
KG,2023-12-28,313
API,2023-12-28,310
Apps,2023-12-28,8
Portal,2023-12-28,739
CDN,2023-12-28,874
Apps,2023-12-29,6
KG,2023-12-29,275
CDN,2023-12-29,819
API,2023-12-29,326
Portal,2023-12-29,1305
CDN,2023-12-30,906
API,2023-12-30,124
Apps,2023-12-30,15
Portal,2023-12-30,924
KG,2023-12-30,242
CDN,2023-12-31,848
Portal,2023-12-31,1183
KG,2023-12-31,302
Apps,2023-12-31,9
API,2023-12-31,100
API,2024-01-01,146
Apps,2024-01-01,13
CDN,2024-01-01,979
Portal,2024-01-01,1188
KG,2024-01-01,255
API,2024-01-02,408
KG,2024-01-02,343
Portal,2024-01-02,1808
Apps,2024-01-02,18
CDN,2024-01-02,898
API,2024-01-03,1181
Portal,2024-01-03,2341
KG,2024-01-03,517
Apps,2024-01-03,30
CDN,2024-01-03,1015
KG,2024-01-04,541
API,2024-01-04,566
Portal,2024-01-04,1811
CDN,2024-01-04,866
Apps,2024-01-04,41
CDN,2024-01-05,1354
Apps,2024-01-05,22
Portal,2024-01-05,1342
KG,2024-01-05,702
API,2024-01-05,1391
Apps,2024-01-06,6
API,2024-01-06,4700
Portal,2024-01-06,3200
CDN,2024-01-06,835
KG,2024-01-06,1686
Portal,2024-01-07,1621
CDN,2024-01-07,815
Apps,2024-01-07,16
API,2024-01-07,362
KG,2024-01-07,402
KG,2024-01-08,1294
API,2024-01-08,2053
Apps,2024-01-08,38
CDN,2024-01-08,1145
Portal,2024-01-08,3865
API,2024-01-09,3241
KG,2024-01-09,1293
Portal,2024-01-09,1539
Apps,2024-01-09,35
CDN,2024-01-09,930
Apps,2024-01-10,29
KG,2024-01-10,807
API,2024-01-10,2801
Portal,2024-01-10,2333
CDN,2024-01-10,966
Apps,2024-01-11,38
Portal,2024-01-11,1329
CDN,2024-01-11,841
API,2024-01-11,3861
KG,2024-01-11,1175
CDN,2024-01-12,8765
Portal,2024-01-12,1550
API,2024-01-12,1423
Apps,2024-01-12,396
KG,2024-01-12,1029
KG,2024-01-13,268
API,2024-01-13,66
Portal,2024-01-13,2196
CDN,2024-01-13,1095
Apps,2024-01-13,57
Apps,2024-01-14,52
Portal,2024-01-14,797
CDN,2024-01-14,887
KG,2024-01-14,638
API,2024-01-14,225
KG,2024-01-15,542
CDN,2024-01-15,850
Apps,2024-01-15,51
Portal,2024-01-15,628
API,2024-01-15,752
CDN,2024-01-16,1923
API,2024-01-16,2111
KG,2024-01-16,1368
Apps,2024-01-16,213
Portal,2024-01-16,1305
Portal,2024-01-17,1549
CDN,2024-01-17,916
Apps,2024-01-17,65
API,2024-01-17,4269
KG,2024-01-17,1750
CDN,2024-01-18,1390
Apps,2024-01-18,158
KG,2024-01-18,1404
Portal,2024-01-18,1878
API,2024-01-18,1594
API,2024-01-19,1095
Portal,2024-01-19,1493
KG,2024-01-19,1075
CDN,2024-01-19,1031
Apps,2024-01-19,88
Apps,2024-01-20,112
Portal,2024-01-20,995
KG,2024-01-20,728
API,2024-01-20,555
CDN,2024-01-20,883
CDN,2024-01-21,854
Portal,2024-01-21,973
KG,2024-01-21,667
Apps,2024-01-21,87
API,2024-01-21,279
Apps,2024-01-22,205
CDN,2024-01-22,1573
KG,2024-01-22,1831
API,2024-01-22,3795
Portal,2024-01-22,2679
API,2024-01-23,3543
Apps,2024-01-23,193
KG,2024-01-23,1697
Portal,2024-01-23,2532
CDN,2024-01-23,1669
Portal,2024-01-24,1616
Apps,2024-01-24,673
CDN,2024-01-24,1073
KG,2024-01-24,1442
API,2024-01-24,2522
KG,2024-01-25,1303
API,2024-01-25,1587
Portal,2024-01-25,2028
Apps,2024-01-25,107
CDN,2024-01-25,1657
API,2024-01-26,1797
KG,2024-01-26,1215
Portal,2024-01-26,2383
Apps,2024-01-26,177
CDN,2024-01-26,3155
CDN,2024-01-27,858
Portal,2024-01-27,938
Apps,2024-01-27,119
KG,2024-01-27,827
API,2024-01-27,322
Apps,2024-01-28,117
Portal,2024-01-28,1807
CDN,2024-01-28,1074
API,2024-01-28,790
KG,2024-01-28,645
KG,2024-01-29,1017
Apps,2024-01-29,138
API,2024-01-29,1803
Portal,2024-01-29,1565
CDN,2024-01-29,975
Portal,2024-01-30,1546
API,2024-01-30,1040
KG,2024-01-30,798
CDN,2024-01-30,4768
Apps,2024-01-30,130
API,2024-01-31,325
Apps,2024-01-31,221
KG,2024-01-31,5116
Portal,2024-01-31,1865
CDN,2024-01-31,5794
Portal,2024-02-01,3330
Apps,2024-02-01,169
KG,2024-02-01,2741
API,2024-02-01,2415
CDN,2024-02-01,3770
KG,2024-02-02,1076
Apps,2024-02-02,209
API,2024-02-02,1250
Portal,2024-02-02,2508
CDN,2024-02-02,2596
CDN,2024-02-03,811
Portal,2024-02-03,837
KG,2024-02-03,344
Apps,2024-02-03,126
API,2024-02-03,20
Portal,2024-02-04,838
KG,2024-02-04,352
Apps,2024-02-04,95
CDN,2024-02-04,878
API,2024-02-04,75
Portal,2024-02-05,4681
Apps,2024-02-05,288
KG,2024-02-05,906
API,2024-02-05,1053
CDN,2024-02-05,1384
CDN,2024-02-06,1688
Apps,2024-02-06,210
KG,2024-02-06,1147
API,2024-02-06,873
Portal,2024-02-06,1797
CDN,2024-02-07,3697
API,2024-02-07,977
Apps,2024-02-07,110
Portal,2024-02-07,3559
KG,2024-02-07,1041
Portal,2024-02-08,2738
API,2024-02-08,809
KG,2024-02-08,864
Apps,2024-02-08,161
CDN,2024-02-08,1451
API,2024-02-09,466
KG,2024-02-09,862
CDN,2024-02-09,1394
Portal,2024-02-09,1914
Apps,2024-02-09,225
Apps,2024-02-10,158
API,2024-02-10,29
Portal,2024-02-10,967
KG,2024-02-10,593
CDN,2024-02-10,1093
CDN,2024-02-11,864
Apps,2024-02-11,136
Portal,2024-02-11,1007
API,2024-02-11,17
KG,2024-02-11,863
Apps,2024-02-12,121
Portal,2024-02-12,3378
CDN,2024-02-12,1236
API,2024-02-12,791
KG,2024-02-12,1099
KG,2024-02-13,957
Apps,2024-02-13,190
Portal,2024-02-13,2077
CDN,2024-02-13,1443
API,2024-02-13,815
Portal,2024-02-14,4960
Apps,2024-02-14,205
API,2024-02-14,580
KG,2024-02-14,895
CDN,2024-02-14,1207
Portal,2024-02-15,2267
Apps,2024-02-15,115
KG,2024-02-15,1132
API,2024-02-15,686
CDN,2024-02-15,2678
Apps,2024-02-16,168
Portal,2024-02-16,2191
KG,2024-02-16,994
CDN,2024-02-16,1042
API,2024-02-16,780
CDN,2024-02-17,1048
Apps,2024-02-17,98
Portal,2024-02-17,1810
KG,2024-02-17,376
API,2024-02-17,173
Apps,2024-02-18,85
API,2024-02-18,241
KG,2024-02-18,582
CDN,2024-02-18,901
Portal,2024-02-18,1103
Apps,2024-02-19,190
KG,2024-02-19,3311
API,2024-02-19,7750
CDN,2024-02-19,1027
Portal,2024-02-19,1768
KG,2024-02-20,1514
API,2024-02-20,1163
CDN,2024-02-20,938
Portal,2024-02-20,2003
Apps,2024-02-20,246
Portal,2024-02-21,2097
API,2024-02-21,1322
KG,2024-02-21,907
CDN,2024-02-21,1322
Apps,2024-02-21,346
CDN,2024-02-22,1948
KG,2024-02-22,1039
Portal,2024-02-22,3042
Apps,2024-02-22,157
API,2024-02-22,528
API,2024-02-23,208
CDN,2024-02-23,1021
Portal,2024-02-23,2470
KG,2024-02-23,881
Apps,2024-02-23,352
KG,2024-02-24,904
API,2024-02-24,357
Portal,2024-02-24,1235
CDN,2024-02-24,927
Apps,2024-02-24,311
Portal,2024-02-25,1299
KG,2024-02-25,495
CDN,2024-02-25,1163
API,2024-02-25,398
Apps,2024-02-25,122
API,2024-02-26,1331
Apps,2024-02-26,281
Portal,2024-02-26,1570
CDN,2024-02-26,1293
KG,2024-02-26,984
API,2024-02-27,2916
Portal,2024-02-27,2773
KG,2024-02-27,2096
CDN,2024-02-27,1246
Apps,2024-02-27,621
API,2024-02-28,1757
CDN,2024-02-28,1022
Portal,2024-02-28,1753
Apps,2024-02-28,236
KG,2024-02-28,1018
Portal,2024-02-29,1768
KG,2024-02-29,1290
Apps,2024-02-29,243
API,2024-02-29,1071
CDN,2024-02-29,1429
KG,2024-03-01,923
API,2024-03-01,816
CDN,2024-03-01,1342
Portal,2024-03-01,1838
Apps,2024-03-01,188
API,2024-03-02,370
KG,2024-03-02,964
Apps,2024-03-02,156
CDN,2024-03-02,1011
Portal,2024-03-02,1229
Apps,2024-03-03,162
KG,2024-03-03,938
CDN,2024-03-03,1112
API,2024-03-03,251
Portal,2024-03-03,2111
API,2024-03-04,7715
Portal,2024-03-04,2585
CDN,2024-03-04,1143
KG,2024-03-04,1210
Apps,2024-03-04,204
CDN,2024-03-05,1225
API,2024-03-05,2186
Apps,2024-03-05,275
Portal,2024-03-05,2333
KG,2024-03-05,1194
CDN,2024-03-06,1484
Portal,2024-03-06,3272
Apps,2024-03-06,275
KG,2024-03-06,1479
API,2024-03-06,6091
CDN,2024-03-07,1138
Apps,2024-03-07,152
Portal,2024-03-07,4142
API,2024-03-07,2974
KG,2024-03-07,1103
API,2024-03-08,931
Portal,2024-03-08,3190
CDN,2024-03-08,1172
Apps,2024-03-08,165
KG,2024-03-08,1217
Portal,2024-03-09,1213
KG,2024-03-09,529
API,2024-03-09,223
CDN,2024-03-09,946
Apps,2024-03-09,135
Apps,2024-03-10,109
Portal,2024-03-10,951
API,2024-03-10,201
KG,2024-03-10,611
CDN,2024-03-10,1121
CDN,2024-03-11,978
Portal,2024-03-11,2765
KG,2024-03-11,1102
API,2024-03-11,1474
Apps,2024-03-11,155
Portal,2024-03-12,2477
CDN,2024-03-12,1356
KG,2024-03-12,2061
API,2024-03-12,347
Apps,2024-03-12,201
Apps,2024-03-13,120
KG,2024-03-13,840
API,2024-03-13,1202
CDN,2024-03-13,1055
Portal,2024-03-13,1319
Portal,2024-03-14,3937
CDN,2024-03-14,1205
KG,2024-03-14,1124
Apps,2024-03-14,183
API,2024-03-14,2011
Portal,2024-03-15,4078
API,2024-03-15,3845
CDN,2024-03-15,1366
Apps,2024-03-15,188
KG,2024-03-15,2492
API,2024-03-16,313
CDN,2024-03-16,1129
KG,2024-03-16,992
Portal,2024-03-16,1474
Apps,2024-03-16,139
API,2024-03-17,263
CDN,2024-03-17,993
KG,2024-03-17,684
Apps,2024-03-17,11145
Portal,2024-03-17,9882
CDN,2024-03-18,1027
KG,2024-03-18,979
Apps,2024-03-18,163
API,2024-03-18,2059
Portal,2024-03-18,1915
API,2024-03-19,949
Apps,2024-03-19,116
CDN,2024-03-19,976
Portal,2024-03-19,3503
KG,2024-03-19,1719
CDN,2024-03-20,4032
Portal,2024-03-20,3551
API,2024-03-20,2083
Apps,2024-03-20,153
KG,2024-03-20,1787
Portal,2024-03-21,3339
KG,2024-03-21,2485
Apps,2024-03-21,145
API,2024-03-21,1538
CDN,2024-03-21,1124
CDN,2024-03-22,997
Apps,2024-03-22,119
API,2024-03-22,865
Portal,2024-03-22,2532
KG,2024-03-22,1353
API,2024-03-23,148
KG,2024-03-23,574
CDN,2024-03-23,1098
Portal,2024-03-23,1128
Apps,2024-03-23,165
CDN,2024-03-24,1000
Portal,2024-03-24,2633
Apps,2024-03-24,126
API,2024-03-24,141
KG,2024-03-24,436
API,2024-03-25,1743
Portal,2024-03-25,3331
KG,2024-03-25,1456
CDN,2024-03-25,1887
Apps,2024-03-25,187
Apps,2024-03-26,293
API,2024-03-26,803
CDN,2024-03-26,1690
KG,2024-03-26,1096
Portal,2024-03-26,2901
API,2024-03-27,1093
CDN,2024-03-27,1287
Portal,2024-03-27,1955
KG,2024-03-27,1757
Apps,2024-03-27,179
Portal,2024-03-28,2146
CDN,2024-03-28,1703
KG,2024-03-28,2273
Apps,2024-03-28,168
API,2024-03-28,1237
API,2024-03-29,1181
CDN,2024-03-29,1326
Apps,2024-03-29,167
Portal,2024-03-29,2304
KG,2024-03-29,1090
Apps,2024-03-30,153
Portal,2024-03-30,2658
KG,2024-03-30,713
CDN,2024-03-30,1423
API,2024-03-30,349
CDN,2024-03-31,1021
Portal,2024-03-31,1544
Apps,2024-03-31,138
API,2024-03-31,333
KG,2024-03-31,613
Apps,2024-04-01,128
Portal,2024-04-01,3114
CDN,2024-04-01,1367
API,2024-04-01,475
KG,2024-04-01,881
KG,2024-04-02,1113
Apps,2024-04-02,161
CDN,2024-04-02,1169
Portal,2024-04-02,3754
API,2024-04-02,1192
KG,2024-04-03,1750
CDN,2024-04-03,2037
Portal,2024-04-03,1927
API,2024-04-03,959
Apps,2024-04-03,155
API,2024-04-04,494
KG,2024-04-04,1003
Portal,2024-04-04,6045
Apps,2024-04-04,149
CDN,2024-04-04,1382
API,2024-04-05,223
KG,2024-04-05,1221
CDN,2024-04-05,1982
Apps,2024-04-05,137
Portal,2024-04-05,1420
Portal,2024-04-06,1067
API,2024-04-06,69
CDN,2024-04-06,1048
Apps,2024-04-06,120
KG,2024-04-06,1249
KG,2024-04-07,1185
Portal,2024-04-07,1974
CDN,2024-04-07,1178
API,2024-04-07,469
Apps,2024-04-07,112
API,2024-04-08,405
CDN,2024-04-08,1474
KG,2024-04-08,832
Apps,2024-04-08,128
Portal,2024-04-08,1549
Apps,2024-04-09,244
API,2024-04-09,860
KG,2024-04-09,1478
Portal,2024-04-09,2251
CDN,2024-04-09,1466
Apps,2024-04-10,243
Portal,2024-04-10,4464
API,2024-04-10,5538
KG,2024-04-10,8921
CDN,2024-04-10,1576
Apps,2024-04-11,300
Portal,2024-04-11,3992
API,2024-04-11,6627
KG,2024-04-11,34950
CDN,2024-04-11,1235
CDN,2024-04-12,1476
Apps,2024-04-12,196
API,2024-04-12,1608
Portal,2024-04-12,2178
KG,2024-04-12,8767
CDN,2024-04-13,1068
Apps,2024-04-13,159
API,2024-04-13,1255
Portal,2024-04-13,1480
KG,2024-04-13,2100
KG,2024-04-14,666
Portal,2024-04-14,1102
CDN,2024-04-14,992
Apps,2024-04-14,122
API,2024-04-14,1887
KG,2024-04-15,1879
API,2024-04-15,1310
Apps,2024-04-15,230
CDN,2024-04-15,1635
Portal,2024-04-15,2647
Portal,2024-04-16,2141
CDN,2024-04-16,1527
API,2024-04-16,2628
KG,2024-04-16,1601
Apps,2024-04-16,238
API,2024-04-17,965
KG,2024-04-17,1153
Apps,2024-04-17,207
Portal,2024-04-17,2782
CDN,2024-04-17,2086
Apps,2024-04-18,177
CDN,2024-04-18,994
Portal,2024-04-18,1815
API,2024-04-18,1340
KG,2024-04-18,1843
Portal,2024-04-19,1926
KG,2024-04-19,1142
Apps,2024-04-19,188
CDN,2024-04-19,1091
API,2024-04-19,642
API,2024-04-20,248
CDN,2024-04-20,1088
KG,2024-04-20,616
Portal,2024-04-20,1619
Apps,2024-04-20,142
CDN,2024-04-21,1118
KG,2024-04-21,911
Apps,2024-04-21,151
API,2024-04-21,244
Portal,2024-04-21,1709
CDN,2024-04-22,1442
Portal,2024-04-22,1811
API,2024-04-22,630
Apps,2024-04-22,176
KG,2024-04-22,835
API,2024-04-23,3200
KG,2024-04-23,1051
CDN,2024-04-23,1148
Apps,2024-04-23,203
Portal,2024-04-23,1810
Portal,2024-04-24,2145
Apps,2024-04-24,176
CDN,2024-04-24,1107
API,2024-04-24,749
KG,2024-04-24,2754
Apps,2024-04-25,209
Portal,2024-04-25,3351
API,2024-04-25,1456
KG,2024-04-25,1320
CDN,2024-04-25,1147
Portal,2024-04-26,2540
Apps,2024-04-26,696
API,2024-04-26,867
CDN,2024-04-26,1258
KG,2024-04-26,2109
Apps,2024-04-27,204
KG,2024-04-27,874
CDN,2024-04-27,1019
Portal,2024-04-27,1282
API,2024-04-27,670
Apps,2024-04-28,130
CDN,2024-04-28,908
KG,2024-04-28,641
Portal,2024-04-28,1233
API,2024-04-28,385
API,2024-04-29,493
CDN,2024-04-29,1689
Apps,2024-04-29,186
Portal,2024-04-29,2695
KG,2024-04-29,915
CDN,2024-04-30,1837
Portal,2024-04-30,2010
Apps,2024-04-30,146
KG,2024-04-30,2159
API,2024-04-30,674
Portal,2024-05-01,2503
API,2024-05-01,423
Apps,2024-05-01,145
CDN,2024-05-01,1185
KG,2024-05-01,1764
Portal,2024-05-02,2277
KG,2024-05-02,1156
Apps,2024-05-02,155
API,2024-05-02,791
CDN,2024-05-02,1490
Apps,2024-05-03,120
CDN,2024-05-03,2835
Portal,2024-05-03,2882
API,2024-05-03,683
KG,2024-05-03,2644
API,2024-05-04,149
Apps,2024-05-04,97
Portal,2024-05-04,1774
CDN,2024-05-04,977
KG,2024-05-04,579
CDN,2024-05-05,1175
KG,2024-05-05,637
Portal,2024-05-05,1895
API,2024-05-05,167
Apps,2024-05-05,121
Portal,2024-05-06,2901
API,2024-05-06,895
CDN,2024-05-06,1240
Apps,2024-05-06,378
KG,2024-05-06,1415
KG,2024-05-07,2217
Apps,2024-05-07,247
Portal,2024-05-07,2665
CDN,2024-05-07,1536
API,2024-05-07,344
API,2024-05-08,893
CDN,2024-05-08,1236
KG,2024-05-08,879
Apps,2024-05-08,131
Portal,2024-05-08,2146
KG,2024-05-09,1111
Portal,2024-05-09,2559
CDN,2024-05-09,1462
Apps,2024-05-09,134
API,2024-05-09,905
CDN,2024-05-10,1275
KG,2024-05-10,883
Apps,2024-05-10,128
API,2024-05-10,703
Portal,2024-05-10,2224
API,2024-05-11,475
KG,2024-05-11,747
CDN,2024-05-11,1196
Portal,2024-05-11,1302
Apps,2024-05-11,108
API,2024-05-12,249
Portal,2024-05-12,1713
Apps,2024-05-12,79
KG,2024-05-12,593
CDN,2024-05-12,1058
API,2024-05-13,766
Portal,2024-05-13,2157
KG,2024-05-13,7390
Apps,2024-05-13,153
CDN,2024-05-13,1357
CDN,2024-05-14,1589
Apps,2024-05-14,151
KG,2024-05-14,1074
API,2024-05-14,1520
Portal,2024-05-14,2151
KG,2024-05-15,1141
API,2024-05-15,1171
CDN,2024-05-15,1196
Portal,2024-05-15,3070
Apps,2024-05-15,126
Apps,2024-05-16,125
KG,2024-05-16,2083
Portal,2024-05-16,2477
API,2024-05-16,1153
CDN,2024-05-16,3358
Portal,2024-05-17,2836
Apps,2024-05-17,135
CDN,2024-05-17,1310
API,2024-05-17,1005
KG,2024-05-17,3085
Apps,2024-05-18,105
API,2024-05-18,93
CDN,2024-05-18,1033
Portal,2024-05-18,1822
KG,2024-05-18,681
Apps,2024-05-19,90
Portal,2024-05-19,1233
CDN,2024-05-19,1051
KG,2024-05-19,734
API,2024-05-19,267
API,2024-05-20,1711
Portal,2024-05-20,2565
CDN,2024-05-20,1620
Apps,2024-05-20,121
KG,2024-05-20,1330
CDN,2024-05-21,1542
KG,2024-05-21,2123
Apps,2024-05-21,126
API,2024-05-21,1448
Portal,2024-05-21,2768
CDN,2024-05-22,1411
Apps,2024-05-22,77
API,2024-05-22,1498
Portal,2024-05-22,2390
KG,2024-05-22,1203
Apps,2024-05-23,126
API,2024-05-23,639
CDN,2024-05-23,1296
Portal,2024-05-23,2194
KG,2024-05-23,1055
Portal,2024-05-24,2480
KG,2024-05-24,895
CDN,2024-05-24,1480
Apps,2024-05-24,646
API,2024-05-24,349
Apps,2024-05-25,122
API,2024-05-25,592
KG,2024-05-25,853
CDN,2024-05-25,977
Portal,2024-05-25,1201
Portal,2024-05-26,1205
Apps,2024-05-26,102
CDN,2024-05-26,1044
API,2024-05-26,436
KG,2024-05-26,1105
KG,2024-05-27,1803
Portal,2024-05-27,1344
Apps,2024-05-27,97
CDN,2024-05-27,1162
API,2024-05-27,344
Apps,2024-05-28,806
API,2024-05-28,749
Portal,2024-05-28,2504
KG,2024-05-28,839
CDN,2024-05-28,1639
Apps,2024-05-29,266
CDN,2024-05-29,1052
API,2024-05-29,1716
Portal,2024-05-29,2717
KG,2024-05-29,2611
CDN,2024-05-30,1304
KG,2024-05-30,1212
Portal,2024-05-30,2028
Apps,2024-05-30,103
API,2024-05-30,1867
Apps,2024-05-31,120
Portal,2024-05-31,2676
CDN,2024-05-31,2083
API,2024-05-31,575
KG,2024-05-31,975
API,2024-06-01,149
KG,2024-06-01,1266
CDN,2024-06-01,911
Apps,2024-06-01,94
Portal,2024-06-01,895
API,2024-06-02,181
Apps,2024-06-02,94
CDN,2024-06-02,1005
Portal,2024-06-02,1087
KG,2024-06-02,734
Apps,2024-06-03,659
CDN,2024-06-03,1506
API,2024-06-03,717
KG,2024-06-03,1104
Portal,2024-06-03,2524
CDN,2024-06-04,1712
Portal,2024-06-04,2847
Apps,2024-06-04,148
KG,2024-06-04,1794
API,2024-06-04,797
Apps,2024-06-05,211
KG,2024-06-05,1565
Portal,2024-06-05,3061
CDN,2024-06-05,1537
API,2024-06-05,680
Apps,2024-06-06,102
API,2024-06-06,579
Portal,2024-06-06,2351
KG,2024-06-06,1566
CDN,2024-06-06,2368
KG,2024-06-07,1593
Apps,2024-06-07,96
CDN,2024-06-07,2469
Portal,2024-06-07,2441
API,2024-06-07,294
Portal,2024-06-08,1003
API,2024-06-08,118
KG,2024-06-08,1256
Apps,2024-06-08,115
CDN,2024-06-08,1459
KG,2024-06-09,1143
API,2024-06-09,464
CDN,2024-06-09,1077
Portal,2024-06-09,1722
Apps,2024-06-09,141
KG,2024-06-10,1468
CDN,2024-06-10,1494
Apps,2024-06-10,154
Portal,2024-06-10,2269
API,2024-06-10,1031
CDN,2024-06-11,3531
Portal,2024-06-11,2906
API,2024-06-11,1028
KG,2024-06-11,1514
Apps,2024-06-11,168
KG,2024-06-12,3194
API,2024-06-12,1096
Apps,2024-06-12,174
Portal,2024-06-12,3925
CDN,2024-06-12,3627
API,2024-06-13,2181
KG,2024-06-13,2581
CDN,2024-06-13,2599
Portal,2024-06-13,3188
Apps,2024-06-13,232
Portal,2024-06-14,6279
CDN,2024-06-14,2932
Apps,2024-06-14,2293
KG,2024-06-14,5216
API,2024-06-14,1023
Apps,2024-06-15,188
API,2024-06-15,241
KG,2024-06-15,3394
Portal,2024-06-15,2269
CDN,2024-06-15,203
Apps,2024-06-16,156
API,2024-06-16,138
KG,2024-06-16,3110
Portal,2024-06-16,1165
CDN,2024-06-16,195
API,2024-06-17,849
CDN,2024-06-17,2238
KG,2024-06-17,4949
Apps,2024-06-17,536
Portal,2024-06-17,3202
Apps,2024-06-18,549
API,2024-06-18,598
KG,2024-06-18,3771
CDN,2024-06-18,2227
Portal,2024-06-18,2398
Apps,2024-06-19,277
Portal,2024-06-19,2755
API,2024-06-19,628
KG,2024-06-19,3136
CDN,2024-06-19,245
KG,2024-06-20,3479
Apps,2024-06-20,724
CDN,2024-06-20,643
API,2024-06-20,777
Portal,2024-06-20,3514
Apps,2024-06-21,1040
Portal,2024-06-21,3413
API,2024-06-21,820
CDN,2024-06-21,863
KG,2024-06-21,2982
KG,2024-06-22,3657
API,2024-06-22,95
Portal,2024-06-22,2400
CDN,2024-06-22,361
Apps,2024-06-22,143
KG,2024-06-23,2104
API,2024-06-23,111
CDN,2024-06-23,293
Apps,2024-06-23,188
Portal,2024-06-23,2598
Apps,2024-06-24,1470
API,2024-06-24,860
Portal,2024-06-24,4431
CDN,2024-06-24,1412
KG,2024-06-24,6141
API,2024-06-25,831
Apps,2024-06-25,489
CDN,2024-06-25,731
Portal,2024-06-25,2584
KG,2024-06-25,7326
KG,2024-06-26,3800
CDN,2024-06-26,1033
Portal,2024-06-26,3711
Apps,2024-06-26,754
API,2024-06-26,1120
CDN,2024-06-27,1864
API,2024-06-27,1064
Portal,2024-06-27,3485
KG,2024-06-27,4222
Apps,2024-06-27,1037
KG,2024-06-28,5601
CDN,2024-06-28,1757
API,2024-06-28,850
Portal,2024-06-28,3232
Apps,2024-06-28,594
KG,2024-06-29,3083
CDN,2024-06-29,281
API,2024-06-29,259
Apps,2024-06-29,141
Portal,2024-06-29,967
CDN,2024-06-30,231
API,2024-06-30,92
KG,2024-06-30,3225
Portal,2024-06-30,1558
Apps,2024-06-30,152
KG,2024-07-01,3732
Portal,2024-07-01,2362
API,2024-07-01,775
Apps,2024-07-01,489
CDN,2024-07-01,1320
Portal,2024-07-02,3396
API,2024-07-02,1934
Apps,2024-07-02,477
KG,2024-07-02,5474
CDN,2024-07-02,2658
Apps,2024-07-03,1057
KG,2024-07-03,4290
API,2024-07-03,4736
CDN,2024-07-03,3841
Portal,2024-07-03,3792
KG,2024-07-04,2713
API,2024-07-04,470
CDN,2024-07-04,313
Apps,2024-07-04,234
Portal,2024-07-04,1980
CDN,2024-07-05,781
Apps,2024-07-05,353
Portal,2024-07-05,2074
KG,2024-07-05,3516
API,2024-07-05,437
API,2024-07-06,205
CDN,2024-07-06,255
KG,2024-07-06,2843
Portal,2024-07-06,3389
Apps,2024-07-06,221
Apps,2024-07-07,128
CDN,2024-07-07,390
KG,2024-07-07,3191
Portal,2024-07-07,1301
API,2024-07-07,256
Portal,2024-07-08,3787
API,2024-07-08,834
KG,2024-07-08,5654
Apps,2024-07-08,442
CDN,2024-07-08,1523
Portal,2024-07-09,3384
Apps,2024-07-09,402
KG,2024-07-09,3584
API,2024-07-09,935
CDN,2024-07-09,2426
API,2024-07-10,834
Apps,2024-07-10,431
CDN,2024-07-10,1801
Portal,2024-07-10,3758
KG,2024-07-10,4129
Apps,2024-07-11,280
Portal,2024-07-11,3690
CDN,2024-07-11,2041
KG,2024-07-11,4143
API,2024-07-11,1688
KG,2024-07-12,2728
API,2024-07-12,693
CDN,2024-07-12,1742
Portal,2024-07-12,3333
Apps,2024-07-12,267
KG,2024-07-13,2800
Portal,2024-07-13,1033
API,2024-07-13,214
CDN,2024-07-13,224
Apps,2024-07-13,114
CDN,2024-07-14,307
KG,2024-07-14,2698
Apps,2024-07-14,132
Portal,2024-07-14,1244
API,2024-07-14,133
CDN,2024-07-15,2174
Apps,2024-07-15,312
Portal,2024-07-15,2092
API,2024-07-15,1459
KG,2024-07-15,3193
API,2024-07-16,3113
CDN,2024-07-16,1010
KG,2024-07-16,5782
Portal,2024-07-16,2534
Apps,2024-07-16,357
API,2024-07-17,2268
KG,2024-07-17,6716
Portal,2024-07-17,3446
Apps,2024-07-17,251
CDN,2024-07-17,472
API,2024-07-18,1652
Portal,2024-07-18,2616
CDN,2024-07-18,1061
KG,2024-07-18,3356
Apps,2024-07-18,243
KG,2024-07-19,3085
API,2024-07-19,667
Portal,2024-07-19,3906
Apps,2024-07-19,207
CDN,2024-07-19,1021
CDN,2024-07-20,1609
API,2024-07-20,294
KG,2024-07-20,2385
Portal,2024-07-20,1234
Apps,2024-07-20,114
KG,2024-07-21,2438
Apps,2024-07-21,127
API,2024-07-21,270
CDN,2024-07-21,188
Portal,2024-07-21,1124
Apps,2024-07-22,303
API,2024-07-22,1647
CDN,2024-07-22,746
KG,2024-07-22,4016
Portal,2024-07-22,2638
CDN,2024-07-23,710
KG,2024-07-23,3444
API,2024-07-23,1167
Apps,2024-07-23,295
Portal,2024-07-23,3198
Apps,2024-07-24,259
Portal,2024-07-24,2792
KG,2024-07-24,4792
CDN,2024-07-24,1004
API,2024-07-24,2784
Apps,2024-07-25,243
KG,2024-07-25,2868
Portal,2024-07-25,2496
CDN,2024-07-25,1141
API,2024-07-25,710
KG,2024-07-26,3232
Apps,2024-07-26,467
CDN,2024-07-26,1128
API,2024-07-26,909
Portal,2024-07-26,3163
KG,2024-07-27,2506
Portal,2024-07-27,1447
Apps,2024-07-27,254
CDN,2024-07-27,337
API,2024-07-27,326
CDN,2024-07-28,169
API,2024-07-28,460
KG,2024-07-28,4483
Portal,2024-07-28,1264
Apps,2024-07-28,200
KG,2024-07-29,3106
Apps,2024-07-29,294
CDN,2024-07-29,713
API,2024-07-29,2087
Portal,2024-07-29,1965
Portal,2024-07-30,2306
API,2024-07-30,4820
Apps,2024-07-30,315
KG,2024-07-30,4648
CDN,2024-07-30,966
Apps,2024-07-31,279
KG,2024-07-31,4036
API,2024-07-31,2770
Portal,2024-07-31,2015
CDN,2024-07-31,3075
Apps,2024-08-01,395
CDN,2024-08-01,1623
Portal,2024-08-01,2350
KG,2024-08-01,3647
API,2024-08-01,1678
Apps,2024-08-02,297
KG,2024-08-02,4355
CDN,2024-08-02,1140
Portal,2024-08-02,5262
API,2024-08-02,1437
Apps,2024-08-03,198
API,2024-08-03,85
KG,2024-08-03,2416
Portal,2024-08-03,1099
CDN,2024-08-03,192
Apps,2024-08-04,250
Portal,2024-08-04,1204
KG,2024-08-04,2432
CDN,2024-08-04,544
API,2024-08-04,64
API,2024-08-05,1150
Apps,2024-08-05,332
CDN,2024-08-05,769
KG,2024-08-05,3248
Portal,2024-08-05,7804
KG,2024-08-06,4197
API,2024-08-06,1178
Apps,2024-08-06,425
CDN,2024-08-06,1776
Portal,2024-08-06,2881
Apps,2024-08-07,587
CDN,2024-08-07,2922
Portal,2024-08-07,4097
API,2024-08-07,2118
KG,2024-08-07,5518
KG,2024-08-08,5501
API,2024-08-08,3120
Apps,2024-08-08,405
CDN,2024-08-08,2282
Portal,2024-08-08,3074
Apps,2024-08-09,304
Portal,2024-08-09,7194
CDN,2024-08-09,1258
API,2024-08-09,1378
KG,2024-08-09,3615
KG,2024-08-10,2265
API,2024-08-10,26
CDN,2024-08-10,514
Portal,2024-08-10,1342
Apps,2024-08-10,141
Portal,2024-08-11,1142
Apps,2024-08-11,229
CDN,2024-08-11,435
API,2024-08-11,78
KG,2024-08-11,2797
API,2024-08-12,2011
Apps,2024-08-12,484
Portal,2024-08-12,5622
CDN,2024-08-12,3703
KG,2024-08-12,3853
KG,2024-08-13,4192
API,2024-08-13,1347
Apps,2024-08-13,298
CDN,2024-08-13,1444
Portal,2024-08-13,9986
API,2024-08-14,1286
KG,2024-08-14,4929
Apps,2024-08-14,354
CDN,2024-08-14,2574
Portal,2024-08-14,3087
Portal,2024-08-15,4567
CDN,2024-08-15,891
Apps,2024-08-15,255
API,2024-08-15,1026
KG,2024-08-15,3835
CDN,2024-08-16,869
API,2024-08-16,1472
Apps,2024-08-16,238
KG,2024-08-16,3107
Portal,2024-08-16,4722
Apps,2024-08-17,183
Portal,2024-08-17,2108
API,2024-08-17,267
CDN,2024-08-17,454
KG,2024-08-17,2383
Portal,2024-08-18,1802
Apps,2024-08-18,166
CDN,2024-08-18,424
KG,2024-08-18,2552
API,2024-08-18,285
API,2024-08-19,1403
Portal,2024-08-19,3061
Apps,2024-08-19,275
CDN,2024-08-19,664
KG,2024-08-19,3943
Portal,2024-08-20,3552
Apps,2024-08-20,295
API,2024-08-20,1622
KG,2024-08-20,6271
CDN,2024-08-20,1009
KG,2024-08-21,3599
Apps,2024-08-21,226
Portal,2024-08-21,2452
CDN,2024-08-21,784
API,2024-08-21,821
Apps,2024-08-22,221
Portal,2024-08-22,2471
KG,2024-08-22,4427
CDN,2024-08-22,1069
API,2024-08-22,791
API,2024-08-23,979
Apps,2024-08-23,210
Portal,2024-08-23,7431
CDN,2024-08-23,985
KG,2024-08-23,3424
CDN,2024-08-24,200
KG,2024-08-24,2520
Portal,2024-08-24,1578
Apps,2024-08-24,179
API,2024-08-24,298
CDN,2024-08-25,272
Apps,2024-08-25,155
KG,2024-08-25,3116
API,2024-08-25,182
Portal,2024-08-25,1316
Portal,2024-08-26,3129
KG,2024-08-26,4267
CDN,2024-08-26,3398
Apps,2024-08-26,347
API,2024-08-26,1557
CDN,2024-08-27,3996
KG,2024-08-27,3172
Apps,2024-08-27,197
Portal,2024-08-27,2213
API,2024-08-27,804
Portal,2024-08-28,5460
CDN,2024-08-28,3951
KG,2024-08-28,2970
Apps,2024-08-28,241
API,2024-08-28,1358
Apps,2024-08-29,576
Portal,2024-08-29,3744
CDN,2024-08-29,4225
API,2024-08-29,1018
KG,2024-08-29,3379
CDN,2024-08-30,2927
Apps,2024-08-30,562
Portal,2024-08-30,4824
KG,2024-08-30,3190
API,2024-08-30,2104
KG,2024-08-31,2674
Portal,2024-08-31,3045
CDN,2024-08-31,1671
API,2024-08-31,425
Apps,2024-08-31,396
API,2024-09-01,212
Portal,2024-09-01,3662
CDN,2024-09-01,1503
KG,2024-09-01,3570
Apps,2024-09-01,313
Portal,2024-09-02,3141
KG,2024-09-02,3729
API,2024-09-02,434
Apps,2024-09-02,313
CDN,2024-09-02,2926
Portal,2024-09-03,12890
CDN,2024-09-03,3888
KG,2024-09-03,3693
Apps,2024-09-03,359
API,2024-09-03,914
Apps,2024-09-04,557
KG,2024-09-04,3683
API,2024-09-04,1379
CDN,2024-09-04,4282
Portal,2024-09-04,4282
Portal,2024-09-05,8501
CDN,2024-09-05,4730
API,2024-09-05,18137
KG,2024-09-05,4538
Apps,2024-09-05,244
Apps,2024-09-06,228
Portal,2024-09-06,2805
API,2024-09-06,30510
CDN,2024-09-06,4777
KG,2024-09-06,3855
API,2024-09-07,163
Apps,2024-09-07,329
Portal,2024-09-07,2956
CDN,2024-09-07,1469
KG,2024-09-07,3728
API,2024-09-08,220
Apps,2024-09-08,308
CDN,2024-09-08,1456
KG,2024-09-08,2340
Portal,2024-09-08,2575
CDN,2024-09-09,3617
KG,2024-09-09,3629
API,2024-09-09,3157
Apps,2024-09-09,394
Portal,2024-09-09,4406
CDN,2024-09-10,5272
Portal,2024-09-10,4463
API,2024-09-10,1232
Apps,2024-09-10,586
KG,2024-09-10,4937
CDN,2024-09-11,5264
Apps,2024-09-11,668
Portal,2024-09-11,4802
API,2024-09-11,1548
KG,2024-09-11,3247
CDN,2024-09-12,5947
Portal,2024-09-12,3938
API,2024-09-12,841
Apps,2024-09-12,372
KG,2024-09-12,2804
API,2024-09-13,1208
KG,2024-09-13,3179
Portal,2024-09-13,2317
CDN,2024-09-13,3471
Apps,2024-09-13,248
Portal,2024-09-14,2064
API,2024-09-14,329
Apps,2024-09-14,148
CDN,2024-09-14,1489
KG,2024-09-14,3205
CDN,2024-09-15,1106
API,2024-09-15,300
Apps,2024-09-15,116
KG,2024-09-15,3058
Portal,2024-09-15,1423
Portal,2024-09-16,2632
KG,2024-09-16,2438
API,2024-09-16,6445
Apps,2024-09-16,272
CDN,2024-09-16,2965
CDN,2024-09-17,3650
Apps,2024-09-17,260
API,2024-09-17,7267
Portal,2024-09-17,3721
KG,2024-09-17,3974
Apps,2024-09-18,692
KG,2024-09-18,3696
API,2024-09-18,5244
Portal,2024-09-18,4986
CDN,2024-09-18,5587
Apps,2024-09-19,461
CDN,2024-09-19,4591
KG,2024-09-19,4588
Portal,2024-09-19,3546
API,2024-09-19,2762
Portal,2024-09-20,2209
KG,2024-09-20,3224
Apps,2024-09-20,206
CDN,2024-09-20,3960
API,2024-09-20,1452
Apps,2024-09-21,205
CDN,2024-09-21,1424
KG,2024-09-21,2096
API,2024-09-21,395
Portal,2024-09-21,1319
API,2024-09-22,375
Portal,2024-09-22,1975
KG,2024-09-22,2069
Apps,2024-09-22,153
CDN,2024-09-22,1535
KG,2024-09-23,3737
Apps,2024-09-23,344
Portal,2024-09-23,4060
API,2024-09-23,7132
CDN,2024-09-23,3806
KG,2024-09-24,6876
Portal,2024-09-24,3885
CDN,2024-09-24,6412
API,2024-09-24,4208
Apps,2024-09-24,368
API,2024-09-25,1639
Portal,2024-09-25,5489
Apps,2024-09-25,241
CDN,2024-09-25,4753
KG,2024-09-25,5402
KG,2024-09-26,6234
API,2024-09-26,3662
CDN,2024-09-26,8602
Apps,2024-09-26,384
Portal,2024-09-26,6869
KG,2024-09-27,6075
CDN,2024-09-27,9624
Apps,2024-09-27,349
API,2024-09-27,6206
Portal,2024-09-27,11277
Apps,2024-09-28,214
Portal,2024-09-28,7262
CDN,2024-09-28,4816
API,2024-09-28,1656
KG,2024-09-28,3996
API,2024-09-29,733
Portal,2024-09-29,4282
KG,2024-09-29,3889
CDN,2024-09-29,2391
Apps,2024-09-29,171
CDN,2024-09-30,4305
Apps,2024-09-30,187
KG,2024-09-30,4000
API,2024-09-30,9407
Portal,2024-09-30,4944
KG,2024-10-01,5174
Apps,2024-10-01,333
CDN,2024-10-01,5600
API,2024-10-01,2252
Portal,2024-10-01,8005
KG,2024-10-02,3836
API,2024-10-02,1063
CDN,2024-10-02,4108
Apps,2024-10-02,302
Portal,2024-10-02,4465
CDN,2024-10-03,3767
Portal,2024-10-03,4567
API,2024-10-03,1248
KG,2024-10-03,2957
Apps,2024-10-03,237
API,2024-10-04,1177
KG,2024-10-04,7209
Portal,2024-10-04,4434
Apps,2024-10-04,284
CDN,2024-10-04,3755
Apps,2024-10-05,177
API,2024-10-05,258
KG,2024-10-05,2299
Portal,2024-10-05,2230
CDN,2024-10-05,1263
Apps,2024-10-06,126
API,2024-10-06,415
KG,2024-10-06,2266
CDN,2024-10-06,1480
Portal,2024-10-06,1195
Portal,2024-10-07,3660
API,2024-10-07,609
KG,2024-10-07,2688
Apps,2024-10-07,258
CDN,2024-10-07,4110
KG,2024-10-08,2715
Portal,2024-10-08,4710
CDN,2024-10-08,3692
Apps,2024-10-08,239
API,2024-10-08,1068
API,2024-10-09,9125
KG,2024-10-09,5178
CDN,2024-10-09,34550
Apps,2024-10-09,9831
Portal,2024-10-09,32922
CDN,2024-10-10,4133
KG,2024-10-10,6195
Portal,2024-10-10,4166
Apps,2024-10-10,205
API,2024-10-10,1245
CDN,2024-10-11,5770
KG,2024-10-11,4445
Portal,2024-10-11,2997
Apps,2024-10-11,168
API,2024-10-11,1655
API,2024-10-12,291
Portal,2024-10-12,1036
KG,2024-10-12,3215
CDN,2024-10-12,1169
Apps,2024-10-12,111
Portal,2024-10-13,1183
CDN,2024-10-13,1241
KG,2024-10-13,2240
Apps,2024-10-13,197
API,2024-10-13,62
API,2024-10-14,797
Portal,2024-10-14,2876
CDN,2024-10-14,2724
Apps,2024-10-14,218
KG,2024-10-14,2778
CDN,2024-10-15,3137
Apps,2024-10-15,214
API,2024-10-15,1022
KG,2024-10-15,3209
Portal,2024-10-15,4847
Portal,2024-10-16,3352
CDN,2024-10-16,3498
KG,2024-10-16,3076
Apps,2024-10-16,230
API,2024-10-16,3933
Portal,2024-10-17,2933
Apps,2024-10-17,232
CDN,2024-10-17,3788
KG,2024-10-17,2959
API,2024-10-17,2357
KG,2024-10-18,2658
API,2024-10-18,540
Apps,2024-10-18,214
Portal,2024-10-18,3089
CDN,2024-10-18,3013
Apps,2024-10-19,140
CDN,2024-10-19,1376
API,2024-10-19,285
Portal,2024-10-19,1922
KG,2024-10-19,2585
KG,2024-10-20,3607
API,2024-10-20,332
Apps,2024-10-20,140
Portal,2024-10-20,1614
CDN,2024-10-20,1348
KG,2024-10-21,11595
Portal,2024-10-21,2770
API,2024-10-21,896
Apps,2024-10-21,226
CDN,2024-10-21,3137
API,2024-10-22,1764
KG,2024-10-22,3397
Portal,2024-10-22,2483
Apps,2024-10-22,207
CDN,2024-10-22,3855
API,2024-10-23,2478
Apps,2024-10-23,155
CDN,2024-10-23,3202
Portal,2024-10-23,2596
KG,2024-10-23,3991
KG,2024-10-24,3038
CDN,2024-10-24,2971
Portal,2024-10-24,3029
Apps,2024-10-24,155
API,2024-10-24,900
Portal,2024-10-25,4088
CDN,2024-10-25,4017
KG,2024-10-25,3156
Apps,2024-10-25,170
API,2024-10-25,544
API,2024-10-26,222
CDN,2024-10-26,1921
Apps,2024-10-26,119
KG,2024-10-26,3757
Portal,2024-10-26,2924
CDN,2024-10-27,2141
Portal,2024-10-27,1636
API,2024-10-27,252
Apps,2024-10-27,144
KG,2024-10-27,2430
Portal,2024-10-28,123409
CDN,2024-10-28,7872
KG,2024-10-28,3543
Apps,2024-10-28,6828
API,2024-10-28,1252
Apps,2024-10-29,314
Portal,2024-10-29,5119
CDN,2024-10-29,4721
KG,2024-10-29,16524
API,2024-10-29,756
Portal,2024-10-30,7178
KG,2024-10-30,13195
Apps,2024-10-30,398
API,2024-10-30,7244
CDN,2024-10-30,5811
KG,2024-10-31,4001
Apps,2024-10-31,407
CDN,2024-10-31,5858
API,2024-10-31,3413
Portal,2024-10-31,4250
Portal,2024-11-01,3759
CDN,2024-11-01,3100
KG,2024-11-01,2794
Apps,2024-11-01,473
API,2024-11-01,36124
CDN,2024-11-02,1127
API,2024-11-02,599
Portal,2024-11-02,2229
KG,2024-11-02,3347
Apps,2024-11-02,284
Apps,2024-11-03,354
CDN,2024-11-03,1483
API,2024-11-03,442
KG,2024-11-03,2710
Portal,2024-11-03,1656
KG,2024-11-04,4278
CDN,2024-11-04,3704
Apps,2024-11-04,406
Portal,2024-11-04,4602
API,2024-11-04,4524
API,2024-11-05,5631
Portal,2024-11-05,3654
KG,2024-11-05,6249
CDN,2024-11-05,3630
Apps,2024-11-05,423
API,2024-11-06,8169
CDN,2024-11-06,4126
KG,2024-11-06,3414
Apps,2024-11-06,367
Portal,2024-11-06,2752
API,2024-11-07,10468
KG,2024-11-07,3739
Apps,2024-11-07,339
CDN,2024-11-07,3821
Portal,2024-11-07,4925
CDN,2024-11-08,4157
Apps,2024-11-08,345
Portal,2024-11-08,4785
API,2024-11-08,9438
KG,2024-11-08,4283
Portal,2024-11-09,1520
KG,2024-11-09,4363
Apps,2024-11-09,287
CDN,2024-11-09,3872
API,2024-11-09,619
API,2024-11-10,467
Apps,2024-11-10,274
KG,2024-11-10,3041
CDN,2024-11-10,1612
Portal,2024-11-10,2623
KG,2024-11-11,6246
CDN,2024-11-11,3736
Portal,2024-11-11,4620
Apps,2024-11-11,319
API,2024-11-11,1998
CDN,2024-11-12,3800
Portal,2024-11-12,4563
API,2024-11-12,973
KG,2024-11-12,3325
Apps,2024-11-12,320
Portal,2024-11-13,5265
CDN,2024-11-13,3508
API,2024-11-13,1226
KG,2024-11-13,3527
Apps,2024-11-13,334
Portal,2024-11-14,4288
CDN,2024-11-14,3478
KG,2024-11-14,5478
Apps,2024-11-14,301
API,2024-11-14,2711
CDN,2024-11-15,3709
Apps,2024-11-15,375
API,2024-11-15,10497
KG,2024-11-15,3382
Portal,2024-11-15,4437
API,2024-11-16,798
Portal,2024-11-16,2119
Apps,2024-11-16,299
KG,2024-11-16,2901
CDN,2024-11-16,1474
CDN,2024-11-17,1502
Apps,2024-11-17,295
KG,2024-11-17,2821
Portal,2024-11-17,1710
API,2024-11-17,672
Apps,2024-11-18,410
API,2024-11-18,19736
Portal,2024-11-18,2897
CDN,2024-11-18,4470
KG,2024-11-18,4008
CDN,2024-11-19,4636
API,2024-11-19,33431
KG,2024-11-19,4271
Apps,2024-11-19,398
Portal,2024-11-19,4134
Portal,2024-11-20,13017
KG,2024-11-20,4366
API,2024-11-20,51488
CDN,2024-11-20,5438
Apps,2024-11-20,494
KG,2024-11-21,3569
CDN,2024-11-21,4746
Apps,2024-11-21,787
API,2024-11-21,1577
Portal,2024-11-21,6925
Apps,2024-11-22,400
KG,2024-11-22,3947
CDN,2024-11-22,4196
API,2024-11-22,2697
Portal,2024-11-22,5966
API,2024-11-23,1184
CDN,2024-11-23,1694
Portal,2024-11-23,3354
Apps,2024-11-23,314
KG,2024-11-23,2977
KG,2024-11-24,3155
CDN,2024-11-24,1916
Portal,2024-11-24,2359
API,2024-11-24,492
Apps,2024-11-24,356
Apps,2024-11-25,413
Portal,2024-11-25,4957
API,2024-11-25,1696
CDN,2024-11-25,4178
KG,2024-11-25,4530
Portal,2024-11-26,4999
CDN,2024-11-26,4195
API,2024-11-26,2493
KG,2024-11-26,3494
Apps,2024-11-26,439
CDN,2024-11-27,3585
KG,2024-11-27,4430
Portal,2024-11-27,3520
API,2024-11-27,3450
Apps,2024-11-27,319
CDN,2024-11-28,2766
Portal,2024-11-28,3074
KG,2024-11-28,3246
API,2024-11-28,911
Apps,2024-11-28,386
Portal,2024-11-29,5185
Apps,2024-11-29,348
CDN,2024-11-29,2632
KG,2024-11-29,3326
API,2024-11-29,534
KG,2024-11-30,8721
API,2024-11-30,473
Apps,2024-11-30,394
Portal,2024-11-30,2612
CDN,2024-11-30,1442
Portal,2024-12-01,2134
CDN,2024-12-01,1832
Apps,2024-12-01,337
KG,2024-12-01,3320
API,2024-12-01,476
CDN,2024-12-02,4161
API,2024-12-02,1222
KG,2024-12-02,3323
Apps,2024-12-02,345
Portal,2024-12-02,5432
Apps,2024-12-03,479
KG,2024-12-03,3446
CDN,2024-12-03,5322
API,2024-12-03,758
Portal,2024-12-03,5770
Portal,2024-12-04,6512
KG,2024-12-04,3787
CDN,2024-12-04,6412
Apps,2024-12-04,578
API,2024-12-04,1645
CDN,2024-12-05,4733
Portal,2024-12-05,5283
Apps,2024-12-05,488
API,2024-12-05,985
KG,2024-12-05,14208
Apps,2024-12-06,623
Portal,2024-12-06,7475
CDN,2024-12-06,4654
KG,2024-12-06,9199
API,2024-12-06,5381
Portal,2024-12-07,12114
Apps,2024-12-07,416
CDN,2024-12-07,2107
KG,2024-12-07,5549
API,2024-12-07,2256
Portal,2024-12-08,5564
CDN,2024-12-08,2196
Apps,2024-12-08,365
KG,2024-12-08,4225
API,2024-12-08,728
CDN,2024-12-09,8484
API,2024-12-09,2247
Portal,2024-12-09,6954
KG,2024-12-09,3636
Apps,2024-12-09,664
API,2024-12-10,1993
Apps,2024-12-10,625
KG,2024-12-10,8370
Portal,2024-12-10,10768
CDN,2024-12-10,7890
CDN,2024-12-11,7752
KG,2024-12-11,6928
Apps,2024-12-11,555
API,2024-12-11,2473
Portal,2024-12-11,14078
API,2024-12-12,1024
Apps,2024-12-12,507
CDN,2024-12-12,5005
KG,2024-12-12,6610
Portal,2024-12-12,14359
KG,2024-12-13,5937
API,2024-12-13,2724
Portal,2024-12-13,9911
Apps,2024-12-13,909
CDN,2024-12-13,7416
Portal,2024-12-14,12274
CDN,2024-12-14,10601
API,2024-12-14,483
Apps,2024-12-14,446
KG,2024-12-14,3223
API,2024-12-15,378
KG,2024-12-15,3280
Portal,2024-12-15,11634
CDN,2024-12-15,1669
Apps,2024-12-15,381
API,2024-12-16,964
Apps,2024-12-16,912
Portal,2024-12-16,12159
KG,2024-12-16,4017
CDN,2024-12-16,5066
Apps,2024-12-17,767
CDN,2024-12-17,5371
KG,2024-12-17,3842
API,2024-12-17,1363
Portal,2024-12-17,8464
KG,2024-12-18,3909
Portal,2024-12-18,6928
CDN,2024-12-18,5229
Apps,2024-12-18,908
API,2024-12-18,2645
Apps,2024-12-19,501
KG,2024-12-19,3849
API,2024-12-19,1884
CDN,2024-12-19,3988
Portal,2024-12-19,5561
Apps,2024-12-20,438
Portal,2024-12-20,4737
CDN,2024-12-20,3031
KG,2024-12-20,3656
API,2024-12-20,639
Portal,2024-12-21,2186
CDN,2024-12-21,1890
API,2024-12-21,526
KG,2024-12-21,3275
Apps,2024-12-21,326
CDN,2024-12-22,1481
KG,2024-12-22,3299
API,2024-12-22,455
Portal,2024-12-22,1605
Apps,2024-12-22,312
API,2024-12-23,478
Apps,2024-12-23,891
CDN,2024-12-23,2391
KG,2024-12-23,3645
Portal,2024-12-23,2711
API,2024-12-24,901
Apps,2024-12-24,1073
CDN,2024-12-24,3182
Portal,2024-12-24,2036
KG,2024-12-24,3863
CDN,2024-12-25,1696
KG,2024-12-25,4465
API,2024-12-25,329
Apps,2024-12-25,349
Portal,2024-12-25,2453
API,2024-12-26,448
KG,2024-12-26,3551
CDN,2024-12-26,1804
Apps,2024-12-26,528
Portal,2024-12-26,3073
CDN,2024-12-27,1684
Portal,2024-12-27,2621
KG,2024-12-27,3548
Apps,2024-12-27,444
API,2024-12-27,732
KG,2024-12-28,3061
Portal,2024-12-28,3945
Apps,2024-12-28,441
API,2024-12-28,739
CDN,2024-12-28,1213
Apps,2024-12-29,372
CDN,2024-12-29,856
Portal,2024-12-29,1601
API,2024-12-29,424
KG,2024-12-29,2758
KG,2024-12-30,4238
Apps,2024-12-30,431
API,2024-12-30,1191
Portal,2024-12-30,3632
CDN,2024-12-30,1542
CDN,2024-12-31,1370
KG,2024-12-31,3805
Portal,2024-12-31,3428
Apps,2024-12-31,366
API,2024-12-31,2718
API,2025-01-01,3921
Apps,2025-01-01,361
KG,2025-01-01,10156
Portal,2025-01-01,1642
CDN,2025-01-01,2220
Portal,2025-01-02,2902
Apps,2025-01-02,493
KG,2025-01-02,4677
API,2025-01-02,1893
CDN,2025-01-02,1795
CDN,2025-01-03,2490
Apps,2025-01-03,656
API,2025-01-03,709
Portal,2025-01-03,5558
KG,2025-01-03,3625
Apps,2025-01-04,416
Portal,2025-01-04,4191
API,2025-01-04,492
KG,2025-01-04,9661
CDN,2025-01-04,870
KG,2025-01-05,23971
Portal,2025-01-05,1687
API,2025-01-05,529
Apps,2025-01-05,352
CDN,2025-01-05,1683
KG,2025-01-06,3977
Portal,2025-01-06,3278
API,2025-01-06,650
Apps,2025-01-06,410
CDN,2025-01-06,4085
Apps,2025-01-07,382
CDN,2025-01-07,3080
API,2025-01-07,857
KG,2025-01-07,3103
Portal,2025-01-07,3964
CDN,2025-01-08,4135
Portal,2025-01-08,3267
API,2025-01-08,889
Apps,2025-01-08,522
KG,2025-01-08,3735
KG,2025-01-09,3650
Portal,2025-01-09,3775
Apps,2025-01-09,445
CDN,2025-01-09,4643
API,2025-01-09,1768
Apps,2025-01-10,529
CDN,2025-01-10,3499
API,2025-01-10,815
Portal,2025-01-10,4040
KG,2025-01-10,2825
Portal,2025-01-11,2518
CDN,2025-01-11,1540
Apps,2025-01-11,539
KG,2025-01-11,3311
API,2025-01-11,531
API,2025-01-12,514
Apps,2025-01-12,418
KG,2025-01-12,6485
CDN,2025-01-12,2135
Portal,2025-01-12,2631
API,2025-01-13,1167
KG,2025-01-13,3718
CDN,2025-01-13,4251
Portal,2025-01-13,4132
Apps,2025-01-13,776
KG,2025-01-14,3664
Portal,2025-01-14,6100
CDN,2025-01-14,4385
API,2025-01-14,802
Apps,2025-01-14,601
CDN,2025-01-15,5513
Portal,2025-01-15,5400
Apps,2025-01-15,743
KG,2025-01-15,3663
API,2025-01-15,1213
API,2025-01-16,714
Apps,2025-01-16,644
CDN,2025-01-16,4698
Portal,2025-01-16,3501
KG,2025-01-16,3557
Portal,2025-01-17,5273
Apps,2025-01-17,777
KG,2025-01-17,4149
API,2025-01-17,744
CDN,2025-01-17,4323
Portal,2025-01-18,2533
KG,2025-01-18,3064
API,2025-01-18,549
CDN,2025-01-18,2005
Apps,2025-01-18,373
KG,2025-01-19,3587
API,2025-01-19,484
Apps,2025-01-19,427
CDN,2025-01-19,1653
Portal,2025-01-19,1816
Portal,2025-01-20,2472
KG,2025-01-20,3448
Apps,2025-01-20,477
API,2025-01-20,1232
CDN,2025-01-20,3033
API,2025-01-21,1441
KG,2025-01-21,3911
Portal,2025-01-21,4399
Apps,2025-01-21,729
CDN,2025-01-21,3598
Apps,2025-01-22,698
CDN,2025-01-22,5048
KG,2025-01-22,3322
Portal,2025-01-22,3452
API,2025-01-22,3047
Portal,2025-01-23,3544
API,2025-01-23,1480
Apps,2025-01-23,715
KG,2025-01-23,3395
CDN,2025-01-23,4413
Portal,2025-01-24,4342
API,2025-01-24,1077
Apps,2025-01-24,1025
KG,2025-01-24,3820
CDN,2025-01-24,4743
Apps,2025-01-25,413
CDN,2025-01-25,1342
KG,2025-01-25,3463
API,2025-01-25,396
Portal,2025-01-25,1826
API,2025-01-26,552
Portal,2025-01-26,2144
CDN,2025-01-26,1292
Apps,2025-01-26,427
KG,2025-01-26,6433
KG,2025-01-27,3818
Portal,2025-01-27,4018
API,2025-01-27,6574
CDN,2025-01-27,3871
Apps,2025-01-27,904
Apps,2025-01-28,728
KG,2025-01-28,4290
CDN,2025-01-28,5795
API,2025-01-28,1633
Portal,2025-01-28,3921
CDN,2025-01-29,4739
Apps,2025-01-29,867
API,2025-01-29,1108
KG,2025-01-29,4071
Portal,2025-01-29,12364
Apps,2025-01-30,552
Portal,2025-01-30,4801
API,2025-01-30,1180
KG,2025-01-30,2955
CDN,2025-01-30,4105
Apps,2025-01-31,616
CDN,2025-01-31,4265
API,2025-01-31,1328
Portal,2025-01-31,4160
KG,2025-01-31,3016
CDN,2025-02-01,1791
KG,2025-02-01,2970
Portal,2025-02-01,2235
API,2025-02-01,654
Apps,2025-02-01,658
Portal,2025-02-02,2258
KG,2025-02-02,2680
API,2025-02-02,413
Apps,2025-02-02,412
CDN,2025-02-02,1309
API,2025-02-03,1110
CDN,2025-02-03,3996
KG,2025-02-03,3419
Apps,2025-02-03,635
Portal,2025-02-03,3651
KG,2025-02-04,3501
Portal,2025-02-04,4274
API,2025-02-04,11198
CDN,2025-02-04,4181
Apps,2025-02-04,827
Apps,2025-02-05,773
CDN,2025-02-05,5498
KG,2025-02-05,4184
API,2025-02-05,3166
Portal,2025-02-05,3754
KG,2025-02-06,3689
API,2025-02-06,1236
Apps,2025-02-06,856
CDN,2025-02-06,6056
Portal,2025-02-06,3429
Apps,2025-02-07,664
Portal,2025-02-07,3970
CDN,2025-02-07,3830
API,2025-02-07,1596
KG,2025-02-07,3053
CDN,2025-02-08,1393
Apps,2025-02-08,412
API,2025-02-08,605
Portal,2025-02-08,2218
KG,2025-02-08,3392
KG,2025-02-09,3281
CDN,2025-02-09,1466
API,2025-02-09,613
Portal,2025-02-09,3587
Apps,2025-02-09,405
API,2025-02-10,1703
CDN,2025-02-10,4615
KG,2025-02-10,3346
Apps,2025-02-10,773
Portal,2025-02-10,4747
CDN,2025-02-11,4226
KG,2025-02-11,3659
API,2025-02-11,1325
Portal,2025-02-11,4221
Apps,2025-02-11,503
API,2025-02-12,2981
Portal,2025-02-12,5747
Apps,2025-02-12,660
CDN,2025-02-12,4746
KG,2025-02-12,4845
KG,2025-02-13,3953
Portal,2025-02-13,4794
API,2025-02-13,1283
Apps,2025-02-13,526
CDN,2025-02-13,4343
CDN,2025-02-14,3690
Apps,2025-02-14,562
KG,2025-02-14,3984
API,2025-02-14,2088
Portal,2025-02-14,4148
API,2025-02-15,464
Portal,2025-02-15,2105
Apps,2025-02-15,371
CDN,2025-02-15,1479
KG,2025-02-15,15806
API,2025-02-16,441
Portal,2025-02-16,1517
Apps,2025-02-16,309
CDN,2025-02-16,1352
KG,2025-02-16,3064
KG,2025-02-17,4996
API,2025-02-17,1982
Apps,2025-02-17,522
Portal,2025-02-17,3158
CDN,2025-02-17,3253
Apps,2025-02-18,614
CDN,2025-02-18,4994
API,2025-02-18,1524
KG,2025-02-18,3943
Portal,2025-02-18,3251
API,2025-02-19,1915
Portal,2025-02-19,4190
CDN,2025-02-19,7227
KG,2025-02-19,5903
Apps,2025-02-19,769
Portal,2025-02-20,3700
Apps,2025-02-20,729
API,2025-02-20,1209
CDN,2025-02-20,4871
KG,2025-02-20,4849
KG,2025-02-21,4045
Apps,2025-02-21,711
API,2025-02-21,2111
CDN,2025-02-21,4543
Portal,2025-02-21,3028
KG,2025-02-22,3126
CDN,2025-02-22,6632
Apps,2025-02-22,400
API,2025-02-22,791
Portal,2025-02-22,1655
KG,2025-02-23,3234
Portal,2025-02-23,2020
API,2025-02-23,617
CDN,2025-02-23,1779
Apps,2025-02-23,395
API,2025-02-24,2129
KG,2025-02-24,3577
CDN,2025-02-24,6159
Portal,2025-02-24,4953
Apps,2025-02-24,845
KG,2025-02-25,20251
Portal,2025-02-25,4461
Apps,2025-02-25,774
CDN,2025-02-25,5506
API,2025-02-25,1809
Portal,2025-02-26,4115
CDN,2025-02-26,6828
KG,2025-02-26,5424
API,2025-02-26,2808
Apps,2025-02-26,793
Apps,2025-02-27,554
Portal,2025-02-27,6326
API,2025-02-27,3274
CDN,2025-02-27,5188
KG,2025-02-27,5560
Apps,2025-02-28,609
KG,2025-02-28,18456
Portal,2025-02-28,4859
API,2025-02-28,6904
CDN,2025-02-28,5200
API,2025-03-01,313
KG,2025-03-01,3618
Apps,2025-03-01,325
Portal,2025-03-01,1770
CDN,2025-03-01,1613
Portal,2025-03-02,1884
Apps,2025-03-02,408
API,2025-03-02,731
KG,2025-03-02,4243
CDN,2025-03-02,1945
Apps,2025-03-03,479
Portal,2025-03-03,3122
KG,2025-03-03,4465
CDN,2025-03-03,4961
API,2025-03-03,1611
Apps,2025-03-04,625
Portal,2025-03-04,3029
KG,2025-03-04,3990
CDN,2025-03-04,6481
API,2025-03-04,1575
API,2025-03-05,3495
KG,2025-03-05,4593
CDN,2025-03-05,5712
Portal,2025-03-05,3992
Apps,2025-03-05,609
API,2025-03-06,3106
KG,2025-03-06,4712
Apps,2025-03-06,688
Portal,2025-03-06,2873
CDN,2025-03-06,6662
CDN,2025-03-07,8909
KG,2025-03-07,3472
API,2025-03-07,1396
Portal,2025-03-07,3646
Apps,2025-03-07,1423
KG,2025-03-08,3307
API,2025-03-08,665
Apps,2025-03-08,507
Portal,2025-03-08,2135
CDN,2025-03-08,1775
Portal,2025-03-09,2104
CDN,2025-03-09,2949
Apps,2025-03-09,468
KG,2025-03-09,3446
API,2025-03-09,671
Portal,2025-03-10,2653
CDN,2025-03-10,6353
API,2025-03-10,4480
Apps,2025-03-10,566
KG,2025-03-10,11773
KG,2025-03-11,4025
Apps,2025-03-11,696
Portal,2025-03-11,3588
CDN,2025-03-11,6143
API,2025-03-11,2059
KG,2025-03-12,5304
CDN,2025-03-12,7375
Portal,2025-03-12,4553
API,2025-03-12,3110
Apps,2025-03-12,632
CDN,2025-03-13,5619
KG,2025-03-13,5425
Apps,2025-03-13,750
Portal,2025-03-13,5930
API,2025-03-13,1313
Apps,2025-03-14,911
CDN,2025-03-14,6757
KG,2025-03-14,5585
API,2025-03-14,2581
Portal,2025-03-14,6987
CDN,2025-03-15,1955
KG,2025-03-15,3938
Apps,2025-03-15,420
API,2025-03-15,626
Portal,2025-03-15,4169
Portal,2025-03-16,3357
API,2025-03-16,472
KG,2025-03-16,3090
CDN,2025-03-16,1745
Apps,2025-03-16,471
CDN,2025-03-17,5365
Portal,2025-03-17,8460
API,2025-03-17,5413
KG,2025-03-17,5067
Apps,2025-03-17,919
CDN,2025-03-18,3994
Portal,2025-03-18,6762
API,2025-03-18,1333
Apps,2025-03-18,530
KG,2025-03-18,4485
Portal,2025-03-19,6962
API,2025-03-19,1654
Apps,2025-03-19,565
KG,2025-03-19,4256
CDN,2025-03-19,4031
Portal,2025-03-20,6507
API,2025-03-20,1423
KG,2025-03-20,4732
Apps,2025-03-20,538
CDN,2025-03-20,3456
Portal,2025-03-21,7042
API,2025-03-21,816
Apps,2025-03-21,610
KG,2025-03-21,4292
CDN,2025-03-21,3300
API,2025-03-22,881
KG,2025-03-22,4036
Portal,2025-03-22,5631
Apps,2025-03-22,513
CDN,2025-03-22,1141
Apps,2025-03-23,477
KG,2025-03-23,3723
API,2025-03-23,1105
Portal,2025-03-23,6526
CDN,2025-03-23,1811
CDN,2025-03-24,3564
API,2025-03-24,1831
Apps,2025-03-24,568
Portal,2025-03-24,8145
KG,2025-03-24,6423
Apps,2025-03-25,785
CDN,2025-03-25,4483
KG,2025-03-25,6888
API,2025-03-25,2967
Portal,2025-03-25,7148
CDN,2025-03-26,5193
KG,2025-03-26,5594
API,2025-03-26,4407
Apps,2025-03-26,754
Portal,2025-03-26,4109
Apps,2025-03-27,557
API,2025-03-27,2233
CDN,2025-03-27,5060
KG,2025-03-27,4631
Portal,2025-03-27,4020
CDN,2025-03-28,6812
Portal,2025-03-28,3742
API,2025-03-28,6111
KG,2025-03-28,7034
Apps,2025-03-28,579
KG,2025-03-29,5507
CDN,2025-03-29,1834
Apps,2025-03-29,484
Portal,2025-03-29,2316
API,2025-03-29,559
KG,2025-03-30,4347
CDN,2025-03-30,2429
Portal,2025-03-30,3577
Apps,2025-03-30,583
API,2025-03-30,437
Apps,2025-03-31,513
Portal,2025-03-31,3149
CDN,2025-03-31,4374
API,2025-03-31,2033
KG,2025-03-31,3756
Apps,2025-04-01,430
Portal,2025-04-01,3090
KG,2025-04-01,9191
API,2025-04-01,5025
CDN,2025-04-01,5088
API,2025-04-02,5356
CDN,2025-04-02,6372
KG,2025-04-02,9384
Apps,2025-04-02,892
Portal,2025-04-02,5311
Portal,2025-04-03,4200
Apps,2025-04-03,635
API,2025-04-03,1940
KG,2025-04-03,4040
CDN,2025-04-03,6047
Portal,2025-04-04,3947
KG,2025-04-04,5037
API,2025-04-04,953
CDN,2025-04-04,4431
Apps,2025-04-04,644
API,2025-04-05,599
KG,2025-04-05,3417
Portal,2025-04-05,1906
CDN,2025-04-05,1932
Apps,2025-04-05,440
Apps,2025-04-06,588
CDN,2025-04-06,2087
KG,2025-04-06,3971
API,2025-04-06,425
Portal,2025-04-06,1435
CDN,2025-04-07,5984
Apps,2025-04-07,705
KG,2025-04-07,4089
Portal,2025-04-07,3062
API,2025-04-07,3010
API,2025-04-08,2484
KG,2025-04-08,11745
CDN,2025-04-08,6722
Portal,2025-04-08,5153
Apps,2025-04-08,793
KG,2025-04-09,8457
CDN,2025-04-09,5635
Apps,2025-04-09,715
Portal,2025-04-09,3915
API,2025-04-09,1428
KG,2025-04-10,3969
Portal,2025-04-10,4699
API,2025-04-10,1458
Apps,2025-04-10,910
CDN,2025-04-10,5540
KG,2025-04-11,4529
CDN,2025-04-11,9143
Apps,2025-04-11,1142
API,2025-04-11,3704
Portal,2025-04-11,8483
API,2025-04-12,554
Apps,2025-04-12,594
KG,2025-04-12,4185
Portal,2025-04-12,2180
CDN,2025-04-12,2325
Portal,2025-04-13,2699
CDN,2025-04-13,2751
Apps,2025-04-13,708
API,2025-04-13,609
KG,2025-04-13,3392
API,2025-04-14,2249
CDN,2025-04-14,5968
Portal,2025-04-14,4190
Apps,2025-04-14,733
KG,2025-04-14,4128
Portal,2025-04-15,5093
Apps,2025-04-15,1180
KG,2025-04-15,3408
CDN,2025-04-15,7883
API,2025-04-15,3647
API,2025-04-16,2444
Portal,2025-04-16,5293
CDN,2025-04-16,6663
KG,2025-04-16,3632
Apps,2025-04-16,829
KG,2025-04-17,4095
Apps,2025-04-17,953
Portal,2025-04-17,3754
API,2025-04-17,8216
CDN,2025-04-17,6980
CDN,2025-04-18,4099
Portal,2025-04-18,7841
KG,2025-04-18,3642
Apps,2025-04-18,1273
API,2025-04-18,1218
CDN,2025-04-19,2141
API,2025-04-19,532
Apps,2025-04-19,552
Portal,2025-04-19,2066
KG,2025-04-19,13690
CDN,2025-04-20,1988
KG,2025-04-20,6768
API,2025-04-20,349
Portal,2025-04-20,1711
Apps,2025-04-20,316
API,2025-04-21,2589
CDN,2025-04-21,4479
KG,2025-04-21,3243
Apps,2025-04-21,520
Portal,2025-04-21,2874
Portal,2025-04-22,4085
KG,2025-04-22,3925
Apps,2025-04-22,927
API,2025-04-22,1658
CDN,2025-04-22,6543
API,2025-04-23,6621
CDN,2025-04-23,5371
KG,2025-04-23,3426
Portal,2025-04-23,3094
Apps,2025-04-23,573
API,2025-04-24,2440
Apps,2025-04-24,860
CDN,2025-04-24,5602
KG,2025-04-24,5426
Portal,2025-04-24,5439
Portal,2025-04-25,3523
Apps,2025-04-25,753
CDN,2025-04-25,4809
API,2025-04-25,3770
KG,2025-04-25,3889
API,2025-04-26,485
KG,2025-04-26,4065
CDN,2025-04-26,2297
Apps,2025-04-26,448
Portal,2025-04-26,2025
Portal,2025-04-27,2399
CDN,2025-04-27,2602
KG,2025-04-27,3218
API,2025-04-27,774
Apps,2025-04-27,392
API,2025-04-28,1027
KG,2025-04-28,3605
CDN,2025-04-28,4836
Apps,2025-04-28,441
Portal,2025-04-28,3688
CDN,2025-04-29,4910
API,2025-04-29,3720
Portal,2025-04-29,5150
KG,2025-04-29,3646
Apps,2025-04-29,492
Portal,2025-04-30,3551
KG,2025-04-30,3488
API,2025-04-30,725
Apps,2025-04-30,358
CDN,2025-04-30,4346
CDN,2025-05-01,3683
Apps,2025-05-01,618
Portal,2025-05-01,3352
KG,2025-05-01,4416
API,2025-05-01,4921
Apps,2025-05-02,638
CDN,2025-05-02,4462
KG,2025-05-02,3554
Portal,2025-05-02,3549
API,2025-05-02,3156
Portal,2025-05-03,1846
KG,2025-05-03,3125
API,2025-05-03,504
Apps,2025-05-03,599
CDN,2025-05-03,1905
KG,2025-05-04,2941
CDN,2025-05-04,2294
API,2025-05-04,437
Portal,2025-05-04,1610
Apps,2025-05-04,450
Portal,2025-05-05,2253
KG,2025-05-05,14002
CDN,2025-05-05,3752
API,2025-05-05,912
Apps,2025-05-05,540
Apps,2025-05-06,604
CDN,2025-05-06,4852
KG,2025-05-06,6907
Portal,2025-05-06,2950
API,2025-05-06,5185
CDN,2025-05-07,4446
Apps,2025-05-07,817
API,2025-05-07,1596
Portal,2025-05-07,3576
KG,2025-05-07,3879
Portal,2025-05-08,3358
CDN,2025-05-08,4517
Apps,2025-05-08,448
API,2025-05-08,950
KG,2025-05-08,3871
API,2025-05-09,1413
Portal,2025-05-09,3262
Apps,2025-05-09,848
CDN,2025-05-09,4486
KG,2025-05-09,3372
KG,2025-05-10,4534
CDN,2025-05-10,2796
API,2025-05-10,463
Apps,2025-05-10,2799
Portal,2025-05-10,2684
Portal,2025-05-11,1416
CDN,2025-05-11,1389
Apps,2025-05-11,444
API,2025-05-11,331
KG,2025-05-11,4192
API,2025-05-12,1183
CDN,2025-05-12,4865
KG,2025-05-12,4319
Portal,2025-05-12,3920
Apps,2025-05-12,607
KG,2025-05-13,12242
Portal,2025-05-13,3312
API,2025-05-13,1423
Apps,2025-05-13,623
CDN,2025-05-13,4497
Apps,2025-05-14,594
Portal,2025-05-14,3193
KG,2025-05-14,3781
CDN,2025-05-14,4809
API,2025-05-14,2912
API,2025-05-15,2171
Apps,2025-05-15,487
KG,2025-05-15,5135
Portal,2025-05-15,3599
CDN,2025-05-15,4832
Apps,2025-05-16,513
CDN,2025-05-16,4547
Portal,2025-05-16,2544
API,2025-05-16,2041
KG,2025-05-16,3193
Portal,2025-05-17,1437
CDN,2025-05-17,1576
Apps,2025-05-17,386
API,2025-05-17,320
KG,2025-05-17,2888
Portal,2025-05-18,1501
KG,2025-05-18,2747
Apps,2025-05-18,645
API,2025-05-18,443
CDN,2025-05-18,1457
API,2025-05-19,5369
Portal,2025-05-19,2737
CDN,2025-05-19,3609
Apps,2025-05-19,595
KG,2025-05-19,3427
Apps,2025-05-20,615
CDN,2025-05-20,4937
KG,2025-05-20,4357
API,2025-05-20,5316
Portal,2025-05-20,3199
CDN,2025-05-21,4877
Apps,2025-05-21,891
API,2025-05-21,2740
Portal,2025-05-21,3833
KG,2025-05-21,5422
CDN,2025-05-22,6585
Apps,2025-05-22,687
API,2025-05-22,1590
Portal,2025-05-22,4030
KG,2025-05-22,4001
Portal,2025-05-23,3240
KG,2025-05-23,4540
API,2025-05-23,2124
CDN,2025-05-23,5921
Apps,2025-05-23,1193
Portal,2025-05-24,1282
Apps,2025-05-24,1085
KG,2025-05-24,3137
CDN,2025-05-24,2097
API,2025-05-24,525
Portal,2025-05-25,1671
KG,2025-05-25,3332
API,2025-05-25,571
Apps,2025-05-25,382
CDN,2025-05-25,1843
CDN,2025-05-26,5126
API,2025-05-26,2819
KG,2025-05-26,7142
Portal,2025-05-26,1953
Apps,2025-05-26,907
KG,2025-05-27,5808
Portal,2025-05-27,3685
CDN,2025-05-27,9422
Apps,2025-05-27,1594
API,2025-05-27,8442
CDN,2025-05-28,9314
Apps,2025-05-28,1281
Portal,2025-05-28,3833
KG,2025-05-28,7087
API,2025-05-28,5635
Portal,2025-05-29,4242
Apps,2025-05-29,808
KG,2025-05-29,5040
API,2025-05-29,10649
CDN,2025-05-29,7900
CDN,2025-05-30,5042
API,2025-05-30,5634
Portal,2025-05-30,2545
Apps,2025-05-30,670
KG,2025-05-30,4780
Apps,2025-05-31,565
CDN,2025-05-31,1585
Portal,2025-05-31,1822
API,2025-05-31,1352
KG,2025-05-31,4954
API,2025-06-01,1304
KG,2025-06-01,4568
Portal,2025-06-01,2296
Apps,2025-06-01,560
CDN,2025-06-01,1836
API,2025-06-02,4330
KG,2025-06-02,3752
CDN,2025-06-02,4110
Apps,2025-06-02,750
Portal,2025-06-02,3447
CDN,2025-06-03,4807
API,2025-06-03,4018
Portal,2025-06-03,2954
KG,2025-06-03,10767
Apps,2025-06-03,934
Apps,2025-06-04,959
Portal,2025-06-04,4650
API,2025-06-04,1268
KG,2025-06-04,4768
CDN,2025-06-04,4683
API,2025-06-05,1259
KG,2025-06-05,4330
Apps,2025-06-05,1150
Portal,2025-06-05,3891
CDN,2025-06-05,6592
Apps,2025-06-06,1000
API,2025-06-06,1438
KG,2025-06-06,4480
CDN,2025-06-06,6845
Portal,2025-06-06,3103
CDN,2025-06-07,2169
API,2025-06-07,658
KG,2025-06-07,3055
Portal,2025-06-07,3096
Apps,2025-06-07,641
CDN,2025-06-08,6539
Portal,2025-06-08,1935
Apps,2025-06-08,554
KG,2025-06-08,4300
API,2025-06-08,734
KG,2025-06-09,4189
CDN,2025-06-09,9124
Apps,2025-06-09,1081
Portal,2025-06-09,3138
API,2025-06-09,1258
Apps,2025-06-10,2876
API,2025-06-10,3391
CDN,2025-06-10,9164
Portal,2025-06-10,8744
KG,2025-06-10,12030
CDN,2025-06-11,14002
KG,2025-06-11,7131
Portal,2025-06-11,4736
API,2025-06-11,2707
Apps,2025-06-11,1321
CDN,2025-06-12,11003
KG,2025-06-12,4830
Apps,2025-06-12,4111
API,2025-06-12,2065
Portal,2025-06-12,8842
KG,2025-06-13,5285
CDN,2025-06-13,9196
API,2025-06-13,1927
Apps,2025-06-13,2592
Portal,2025-06-13,6439
CDN,2025-06-14,7133
Apps,2025-06-14,855
KG,2025-06-14,3317
API,2025-06-14,614
Portal,2025-06-14,2496
CDN,2025-06-15,13416
API,2025-06-15,428
Apps,2025-06-15,1336
KG,2025-06-15,3913
Portal,2025-06-15,3535
KG,2025-06-16,6064
API,2025-06-16,1118
Apps,2025-06-16,1396
Portal,2025-06-16,5010
CDN,2025-06-16,15677
CDN,2025-06-17,11005
Portal,2025-06-17,5200
Apps,2025-06-17,1496
API,2025-06-17,1028
KG,2025-06-17,14673
API,2025-06-18,1776
CDN,2025-06-18,11320
Portal,2025-06-18,6796
Apps,2025-06-18,2445
KG,2025-06-18,6844
KG,2025-06-19,4918
Apps,2025-06-19,1249
Portal,2025-06-19,5255
API,2025-06-19,501
CDN,2025-06-19,15969
CDN,2025-06-20,21359
Apps,2025-06-20,1494
API,2025-06-20,1133
Portal,2025-06-20,4271
KG,2025-06-20,6235
API,2025-06-21,487
Apps,2025-06-21,779
KG,2025-06-21,6056
CDN,2025-06-21,19155
Portal,2025-06-21,2614
KG,2025-06-22,4263
Apps,2025-06-22,606
CDN,2025-06-22,25458
API,2025-06-22,398
Portal,2025-06-22,3056
KG,2025-06-23,8476
API,2025-06-23,1882
Apps,2025-06-23,3410
Portal,2025-06-23,5664
CDN,2025-06-23,22902
Apps,2025-06-24,2330
Portal,2025-06-24,5061
API,2025-06-24,2673
CDN,2025-06-24,22578
KG,2025-06-24,7725
API,2025-06-25,809
Apps,2025-06-25,1488
Portal,2025-06-25,3687
CDN,2025-06-25,17631
KG,2025-06-25,5761
CDN,2025-06-26,14109
API,2025-06-26,1627
Apps,2025-06-26,1822
Portal,2025-06-26,4393
KG,2025-06-26,6336
API,2025-06-27,7445
CDN,2025-06-27,7750
KG,2025-06-27,6696
Apps,2025-06-27,1534
Portal,2025-06-27,4833
CDN,2025-06-28,59428
API,2025-06-28,385
Apps,2025-06-28,992
Portal,2025-06-28,1581
KG,2025-06-28,3801
Portal,2025-06-29,2611
CDN,2025-06-29,49556
KG,2025-06-29,4201
Apps,2025-06-29,562
API,2025-06-29,582
API,2025-06-30,1737
CDN,2025-06-30,11999
Portal,2025-06-30,5386
KG,2025-06-30,7358
Apps,2025-06-30,1736
API,2025-07-01,4258
Portal,2025-07-01,6944
CDN,2025-07-01,16064
Apps,2025-07-01,1367
KG,2025-07-01,7405
API,2025-07-02,5419
Portal,2025-07-02,5191
Apps,2025-07-02,1676
KG,2025-07-02,7995
CDN,2025-07-02,7355
Apps,2025-07-03,2055
KG,2025-07-03,6238
CDN,2025-07-03,5440
API,2025-07-03,7289
Portal,2025-07-03,4205
CDN,2025-07-04,5718
API,2025-07-04,500
Apps,2025-07-04,1190
KG,2025-07-04,3939
Portal,2025-07-04,2444
CDN,2025-07-05,7949
KG,2025-07-05,5243
API,2025-07-05,509
Portal,2025-07-05,2746
Apps,2025-07-05,725
Apps,2025-07-06,580
API,2025-07-06,391
KG,2025-07-06,4897
CDN,2025-07-06,3216
Portal,2025-07-06,2203
API,2025-07-07,2934
KG,2025-07-07,5370
Apps,2025-07-07,951
CDN,2025-07-07,4731
Portal,2025-07-07,3719
KG,2025-07-08,4566
CDN,2025-07-08,4756
Apps,2025-07-08,2241
API,2025-07-08,1416
Portal,2025-07-08,4120
Portal,2025-07-09,4894
Apps,2025-07-09,1441
CDN,2025-07-09,7303
API,2025-07-09,2682
KG,2025-07-09,7472
CDN,2025-07-10,7017
Portal,2025-07-10,4793
Apps,2025-07-10,2102
API,2025-07-10,6126
KG,2025-07-10,31325
CDN,2025-07-11,27733
Portal,2025-07-11,4905
API,2025-07-11,1619
Apps,2025-07-11,1340
KG,2025-07-11,4916
API,2025-07-12,386
Apps,2025-07-12,804
Portal,2025-07-12,2629
KG,2025-07-12,4660
CDN,2025-07-12,4813
CDN,2025-07-13,1852
Portal,2025-07-13,2863
Apps,2025-07-13,1245
KG,2025-07-13,4947
API,2025-07-13,575
Portal,2025-07-14,3855
Apps,2025-07-14,930
API,2025-07-14,5379
CDN,2025-07-14,4044
KG,2025-07-14,10032
API,2025-07-15,1689
Portal,2025-07-15,4811
KG,2025-07-15,7155
CDN,2025-07-15,4684
Apps,2025-07-15,1721
KG,2025-07-16,9227
Portal,2025-07-16,5536
API,2025-07-16,4777
CDN,2025-07-16,3271
Apps,2025-07-16,908
Apps,2025-07-17,920
Portal,2025-07-17,3983
KG,2025-07-17,7811
API,2025-07-17,3149
CDN,2025-07-17,4257
KG,2025-07-18,8655
CDN,2025-07-18,6185
API,2025-07-18,3484
Apps,2025-07-18,1425
Portal,2025-07-18,5671
CDN,2025-07-19,6812
Portal,2025-07-19,2993
Apps,2025-07-19,1457
API,2025-07-19,405
KG,2025-07-19,4335
KG,2025-07-20,4913
Portal,2025-07-20,3064
Apps,2025-07-20,1359
CDN,2025-07-20,4400
API,2025-07-20,898
CDN,2025-07-21,5931
Portal,2025-07-21,5197
KG,2025-07-21,6278
API,2025-07-21,2370
Apps,2025-07-21,956
KG,2025-07-22,17072
API,2025-07-22,4048
Apps,2025-07-22,1806
CDN,2025-07-22,9348
Portal,2025-07-22,5908
Portal,2025-07-23,3646
API,2025-07-23,2276
CDN,2025-07-23,7252
Apps,2025-07-23,1253
KG,2025-07-23,21768
KG,2025-07-24,24401
Apps,2025-07-24,1551
CDN,2025-07-24,6090
Portal,2025-07-24,4383
API,2025-07-24,3323
Apps,2025-07-25,1628
KG,2025-07-25,16579
Portal,2025-07-25,7006
CDN,2025-07-25,5451
API,2025-07-25,2003
KG,2025-07-26,5594
API,2025-07-26,859
CDN,2025-07-26,4610
Apps,2025-07-26,2248
Portal,2025-07-26,6341
Portal,2025-07-27,2862
CDN,2025-07-27,4501
KG,2025-07-27,5058
API,2025-07-27,394
Apps,2025-07-27,492
Apps,2025-07-28,1552
CDN,2025-07-28,5398
API,2025-07-28,5795
KG,2025-07-28,52415
Portal,2025-07-28,6174
Portal,2025-07-29,8507
Apps,2025-07-29,1270
CDN,2025-07-29,5768
KG,2025-07-29,35469
API,2025-07-29,3525
KG,2025-07-30,55428
CDN,2025-07-30,7070
Portal,2025-07-30,4669
API,2025-07-30,6065
Apps,2025-07-30,1304
KG,2025-07-31,49574
Portal,2025-07-31,4666
CDN,2025-07-31,8831
Apps,2025-07-31,1845
API,2025-07-31,4627
KG,2025-08-01,23397
Portal,2025-08-01,5449
Apps,2025-08-01,1921
CDN,2025-08-01,9134
API,2025-08-01,3460
Portal,2025-08-02,3347
Apps,2025-08-02,831
API,2025-08-02,15138
CDN,2025-08-02,2169
KG,2025-08-02,4282
CDN,2025-08-03,1809
KG,2025-08-03,2983
Portal,2025-08-03,2962
Apps,2025-08-03,475
API,2025-08-03,815
API,2025-08-04,5378
Portal,2025-08-04,13322
Apps,2025-08-04,3015
KG,2025-08-04,7124
CDN,2025-08-04,7501
API,2025-08-05,2396
KG,2025-08-05,7971
Apps,2025-08-05,1070
Events,2025-08-05,43
CDN,2025-08-05,5965
Portal,2025-08-05,4881
API,2025-08-06,1198
CDN,2025-08-06,6209
Portal,2025-08-06,6616
KG,2025-08-06,5049
Apps,2025-08-06,1499
Events,2025-08-07,4
API,2025-08-07,1207
CDN,2025-08-07,4042
KG,2025-08-07,5082
Portal,2025-08-07,5662
Apps,2025-08-07,1072
Portal,2025-08-08,2354
API,2025-08-08,572
KG,2025-08-08,2814
Events,2025-08-08,8
Apps,2025-08-08,980
CDN,2025-08-08,3479
API,2025-08-10,463
Portal,2025-08-10,4023
KG,2025-08-10,4556
CDN,2025-08-10,2523
Apps,2025-08-10,1137
Portal,2025-08-11,4792
KG,2025-08-11,7538
Apps,2025-08-11,2152
Events,2025-08-11,16
CDN,2025-08-11,11275
API,2025-08-11,3854
CDN,2025-08-12,9633
KG,2025-08-12,4924
Events,2025-08-12,7
API,2025-08-12,3244
Portal,2025-08-12,7633
Apps,2025-08-12,2439
KG,2025-08-13,6595
Apps,2025-08-13,2544
CDN,2025-08-13,9892
Portal,2025-08-13,6912
API,2025-08-13,8348
Apps,2025-08-14,3007
KG,2025-08-14,5189
Portal,2025-08-14,5861
API,2025-08-14,21034
CDN,2025-08-14,6726
CDN,2025-08-15,10715
Apps,2025-08-15,3304
Portal,2025-08-15,14448
KG,2025-08-15,4822
API,2025-08-15,4401
CDN,2025-08-16,4637
API,2025-08-16,335
Portal,2025-08-16,2867
KG,2025-08-16,3320
Apps,2025-08-16,2048
CDN,2025-08-17,3977
KG,2025-08-17,4016
API,2025-08-17,514
Portal,2025-08-17,2995
Apps,2025-08-17,2775
CDN,2025-08-18,7408
Portal,2025-08-18,4807
KG,2025-08-18,4833
Apps,2025-08-18,2583
API,2025-08-18,818
KG,2025-08-19,5302
Portal,2025-08-19,4481
CDN,2025-08-19,7414
Apps,2025-08-19,4156
API,2025-08-19,2831
API,2025-08-20,1800
Apps,2025-08-20,3472
CDN,2025-08-20,8765
KG,2025-08-20,4782
Portal,2025-08-20,5534
KG,2025-08-21,4815
API,2025-08-21,1688
CDN,2025-08-21,9239
Apps,2025-08-21,3311
Portal,2025-08-21,4277
Apps,2025-08-22,3445
CDN,2025-08-22,9191
KG,2025-08-22,4185
Portal,2025-08-22,4044
API,2025-08-22,1881
Apps,2025-08-23,2388
CDN,2025-08-23,5983
KG,2025-08-23,4408
API,2025-08-23,968
Portal,2025-08-23,4163
CDN,2025-08-24,4166
Apps,2025-08-24,2584
Portal,2025-08-24,5046
API,2025-08-24,652
KG,2025-08-24,2947
API,2025-08-25,2291
Apps,2025-08-25,3282
KG,2025-08-25,5005
Portal,2025-08-25,4237
Events,2025-08-25,4
CDN,2025-08-25,6949
Apps,2025-08-26,2662
API,2025-08-26,1835
KG,2025-08-26,4563
Portal,2025-08-26,4699
Events,2025-08-26,4
CDN,2025-08-26,8625
KG,2025-08-27,5206
Portal,2025-08-27,5132
CDN,2025-08-27,7880
API,2025-08-27,2122
Apps,2025-08-27,3030
CDN,2025-08-28,7272
Apps,2025-08-28,3846
API,2025-08-28,2088
Portal,2025-08-28,6218
KG,2025-08-28,4672
KG,2025-08-29,5368
Apps,2025-08-29,3037
CDN,2025-08-29,8628
API,2025-08-29,1697
Portal,2025-08-29,6258
Events,2025-08-29,13
Apps,2025-08-30,2556
KG,2025-08-30,2887
Portal,2025-08-30,3130
CDN,2025-08-30,3209
API,2025-08-30,509
KG,2025-08-31,4050
Portal,2025-08-31,3371
API,2025-08-31,582
Apps,2025-08-31,2817
CDN,2025-08-31,3292
CDN,2025-09-01,5156
KG,2025-09-01,6148
API,2025-09-01,1047
Portal,2025-09-01,4602
Apps,2025-09-01,2762
Portal,2025-09-02,4173
CDN,2025-09-02,7822
Apps,2025-09-02,2859
API,2025-09-02,1834
KG,2025-09-02,5381
CDN,2025-09-03,9601
API,2025-09-03,7826
KG,2025-09-03,3925
Apps,2025-09-03,3607
Portal,2025-09-03,4854
API,2025-09-04,6843
Portal,2025-09-04,3735
Apps,2025-09-04,2792
CDN,2025-09-04,9543
KG,2025-09-04,6105
Portal,2025-09-05,4116
CDN,2025-09-05,6936
Apps,2025-09-05,2583
KG,2025-09-05,4133
API,2025-09-05,3627
Apps,2025-09-06,2792
API,2025-09-06,1043
Portal,2025-09-06,2604
CDN,2025-09-06,3305
KG,2025-09-06,8573
API,2025-09-07,1166
CDN,2025-09-07,3747
Apps,2025-09-07,2218
Portal,2025-09-07,2976
KG,2025-09-07,9248
KG,2025-09-08,8739
Portal,2025-09-08,5306
Apps,2025-09-08,3268
CDN,2025-09-08,8334
API,2025-09-08,5249
API,2025-09-09,3039
CDN,2025-09-09,11184
Apps,2025-09-09,2930
KG,2025-09-09,5086
Portal,2025-09-09,7387
CDN,2025-09-10,10196
Portal,2025-09-10,7373
Apps,2025-09-10,4943
KG,2025-09-10,4292
API,2025-09-10,5217
Events,2025-09-11,285
Portal,2025-09-11,4952
CDN,2025-09-11,8410
API,2025-09-11,2544
Apps,2025-09-11,4011
KG,2025-09-11,5599
Apps,2025-09-12,4174
Events,2025-09-12,416
CDN,2025-09-12,8632
API,2025-09-12,5015
KG,2025-09-12,6544
Portal,2025-09-12,5362
Apps,2025-09-13,2604
Events,2025-09-13,66
Portal,2025-09-13,2131
KG,2025-09-13,4597
CDN,2025-09-13,3142
API,2025-09-13,1473
Portal,2025-09-14,3950
KG,2025-09-14,5604
CDN,2025-09-14,4793
API,2025-09-14,1299
Events,2025-09-14,182
Apps,2025-09-14,3088
Events,2025-09-15,2122
Portal,2025-09-15,5028
KG,2025-09-15,3578
CDN,2025-09-15,6988
Apps,2025-09-15,4815
API,2025-09-15,4574
KG,2025-09-16,5878
Portal,2025-09-16,4584
API,2025-09-16,5566
Events,2025-09-16,22
Apps,2025-09-16,2987
CDN,2025-09-16,8087
Events,2025-09-17,119
Portal,2025-09-17,15851
KG,2025-09-17,3314
CDN,2025-09-17,9320
API,2025-09-17,3128
Apps,2025-09-17,3089
Portal,2025-09-18,8114
Apps,2025-09-18,3031
KG,2025-09-18,4998
API,2025-09-18,1662
CDN,2025-09-18,7459
API,2025-09-19,3039
Apps,2025-09-19,3996
CDN,2025-09-19,8081
Portal,2025-09-19,7369
KG,2025-09-19,4818
Apps,2025-09-20,2506
CDN,2025-09-20,3860
API,2025-09-20,808
KG,2025-09-20,3666
Portal,2025-09-20,3087
Events,2025-09-21,1
Portal,2025-09-21,3760
CDN,2025-09-21,3650
Apps,2025-09-21,2529
KG,2025-09-21,3722
API,2025-09-21,586
Events,2025-09-22,154
KG,2025-09-22,6510
API,2025-09-22,3870
Portal,2025-09-22,4718
CDN,2025-09-22,11680
Apps,2025-09-22,3299
Events,2025-09-23,1488
CDN,2025-09-23,10695
API,2025-09-23,4183
KG,2025-09-23,4937
Portal,2025-09-23,5240
Apps,2025-09-23,2815
CDN,2025-09-24,9432
Apps,2025-09-24,3089
API,2025-09-24,4732
Portal,2025-09-24,5470
KG,2025-09-24,5633
Events,2025-09-24,80
Portal,2025-09-25,5368
Apps,2025-09-25,3356
KG,2025-09-25,6718
API,2025-09-25,9354
Events,2025-09-25,87
CDN,2025-09-25,7737
CDN,2025-09-26,7739
API,2025-09-26,12239
KG,2025-09-26,6269
Portal,2025-09-26,6081
Events,2025-09-26,10
Apps,2025-09-26,3585
CDN,2025-09-27,3691
API,2025-09-27,1435
Events,2025-09-27,30
KG,2025-09-27,2834
Portal,2025-09-27,2928
Apps,2025-09-27,3131
Portal,2025-09-28,2803
Apps,2025-09-28,2334
KG,2025-09-28,3475
API,2025-09-28,907
CDN,2025-09-28,4963
Events,2025-09-29,5
API,2025-09-29,3515
Apps,2025-09-29,2922
CDN,2025-09-29,6337
Portal,2025-09-29,4577
KG,2025-09-29,6184
Portal,2025-09-30,7235
CDN,2025-09-30,7907
KG,2025-09-30,12258
Apps,2025-09-30,2624
API,2025-09-30,3509
Events,2025-09-30,31
Apps,2025-10-01,5673
Portal,2025-10-01,8420
API,2025-10-01,11830
Events,2025-10-01,837
KG,2025-10-01,6319
CDN,2025-10-01,7135
Events,2025-10-02,2237
Portal,2025-10-02,5966
CDN,2025-10-02,7078
Apps,2025-10-02,3013
KG,2025-10-02,3978
API,2025-10-02,3528
CDN,2025-10-03,7297
Apps,2025-10-03,2479
Portal,2025-10-03,4439
Events,2025-10-03,7545
API,2025-10-03,7066
KG,2025-10-03,4092
Apps,2025-10-04,2083
KG,2025-10-04,2893
API,2025-10-04,785
Portal,2025-10-04,3413
Events,2025-10-04,351
CDN,2025-10-04,4657
API,2025-10-05,628
KG,2025-10-05,3006
Apps,2025-10-05,2261
CDN,2025-10-05,3115
Portal,2025-10-05,2827
Events,2025-10-05,567
Portal,2025-10-06,5671
Apps,2025-10-06,2374
KG,2025-10-06,5377
API,2025-10-06,4502
Events,2025-10-06,3727
CDN,2025-10-06,7083
Portal,2025-10-07,5993
Apps,2025-10-07,2777
API,2025-10-07,4012
Events,2025-10-07,3746
KG,2025-10-07,5394
CDN,2025-10-07,7831
Apps,2025-10-08,2667
KG,2025-10-08,7738
CDN,2025-10-08,7288
Portal,2025-10-08,5663
API,2025-10-08,3586
Events,2025-10-08,3042
Portal,2025-10-09,7287
API,2025-10-09,2626
Apps,2025-10-09,2594
CDN,2025-10-09,10374
Events,2025-10-09,2648
KG,2025-10-09,6766
Events,2025-10-10,1151
KG,2025-10-10,5787
API,2025-10-10,2282
Portal,2025-10-10,4202
CDN,2025-10-10,8160
Apps,2025-10-10,4149
Apps,2025-10-11,2375
CDN,2025-10-11,4651
API,2025-10-11,568
Portal,2025-10-11,2972
Events,2025-10-11,348
KG,2025-10-11,3551
API,2025-10-12,710
CDN,2025-10-12,4630
Apps,2025-10-12,2544
KG,2025-10-12,4803
Portal,2025-10-12,4995
Events,2025-10-12,310
KG,2025-10-13,3671
API,2025-10-13,2347
CDN,2025-10-13,6265
Events,2025-10-13,1946
Portal,2025-10-13,4453
Apps,2025-10-13,3535
Portal,2025-10-14,5783
Events,2025-10-14,567
Apps,2025-10-14,3598
API,2025-10-14,1941
CDN,2025-10-14,7933
KG,2025-10-14,5479
Events,2025-10-15,1881
API,2025-10-15,3180
CDN,2025-10-15,8393
Apps,2025-10-15,3167
KG,2025-10-15,4539
Portal,2025-10-15,5313
KG,2025-10-16,11546
Apps,2025-10-16,2865
CDN,2025-10-16,6648
API,2025-10-16,1530
Portal,2025-10-16,6358
Events,2025-10-16,1146
API,2025-10-17,6754
Events,2025-10-17,1176
CDN,2025-10-17,7596
Apps,2025-10-17,3110
KG,2025-10-17,4723
Portal,2025-10-17,5863
Events,2025-10-18,141
KG,2025-10-18,5126
Portal,2025-10-18,4457
CDN,2025-10-18,4671
API,2025-10-18,903
Apps,2025-10-18,2502
Portal,2025-10-19,2912
CDN,2025-10-19,3301
Apps,2025-10-19,2508
API,2025-10-19,2076
KG,2025-10-19,26365
Events,2025-10-19,56
CDN,2025-10-20,7176
API,2025-10-20,6268
Events,2025-10-20,1326
KG,2025-10-20,5143
Portal,2025-10-20,6710
Apps,2025-10-20,2669
Apps,2025-10-21,4080
Events,2025-10-21,2844
Portal,2025-10-21,6735
API,2025-10-21,3088
CDN,2025-10-21,9701
KG,2025-10-21,4284
Portal,2025-10-22,6081
CDN,2025-10-22,6639
API,2025-10-22,4779
Events,2025-10-22,1259
KG,2025-10-22,4198
Apps,2025-10-22,3217
CDN,2025-10-23,7038
Apps,2025-10-23,3019
KG,2025-10-23,4937
Events,2025-10-23,765
Portal,2025-10-23,7247
API,2025-10-23,4099
API,2025-10-24,1857
KG,2025-10-24,4238
Events,2025-10-24,1806
Apps,2025-10-24,2818
CDN,2025-10-24,9158
Portal,2025-10-24,9011
Events,2025-10-25,204
API,2025-10-25,866
Apps,2025-10-25,3009
Portal,2025-10-25,4229
KG,2025-10-25,3460
CDN,2025-10-25,3753
Portal,2025-10-26,4389
CDN,2025-10-26,4211
API,2025-10-26,582
Events,2025-10-26,253
Apps,2025-10-26,2997
KG,2025-10-26,2538
CDN,2025-10-27,9118
KG,2025-10-27,4399
Apps,2025-10-27,3384
API,2025-10-27,2152
Portal,2025-10-27,5876
Events,2025-10-27,1158
Events,2025-10-28,1431
Portal,2025-10-28,8200
KG,2025-10-28,5205
CDN,2025-10-28,7732
API,2025-10-28,1908
Apps,2025-10-28,3488
Portal,2025-10-29,9301
CDN,2025-10-29,10270
KG,2025-10-29,4508
API,2025-10-29,3544
Apps,2025-10-29,4020
Events,2025-10-29,1293
Events,2025-10-30,1177
KG,2025-10-30,5109
Portal,2025-10-30,5930
API,2025-10-30,3301
Apps,2025-10-30,3558
CDN,2025-10-30,15246
KG,2025-10-31,13725
CDN,2025-10-31,14302
API,2025-10-31,3264
Portal,2025-10-31,8718
Apps,2025-10-31,5684
Events,2025-10-31,2415
Events,2025-11-01,163
CDN,2025-11-01,5597
Apps,2025-11-01,3146
Portal,2025-11-01,3647
API,2025-11-01,1131
KG,2025-11-01,3572
API,2025-11-02,2316
Events,2025-11-02,591
Apps,2025-11-02,3977
KG,2025-11-02,19147
Portal,2025-11-02,4228
CDN,2025-11-02,5676
Portal,2025-11-03,7823
CDN,2025-11-03,8277
KG,2025-11-03,4289
API,2025-11-03,3148
Apps,2025-11-03,4082
Events,2025-11-03,1163
KG,2025-11-04,6063
Portal,2025-11-04,5870
Apps,2025-11-04,3348
Events,2025-11-04,1034
API,2025-11-04,1737
CDN,2025-11-04,9019
API,2025-11-05,1771
Apps,2025-11-05,3308
Events,2025-11-05,493
Portal,2025-11-05,6298
KG,2025-11-05,9789
CDN,2025-11-05,7920
CDN,2025-11-06,6418
KG,2025-11-06,3796
Portal,2025-11-06,4691
API,2025-11-06,1319
Apps,2025-11-06,2984
Events,2025-11-06,258
API,2025-11-07,2594
Events,2025-11-07,1780
Portal,2025-11-07,7463
KG,2025-11-07,3938
Apps,2025-11-07,4503
CDN,2025-11-07,7918
Apps,2025-11-08,2376
Portal,2025-11-08,3300
Events,2025-11-08,127
CDN,2025-11-08,3521
KG,2025-11-08,2977
API,2025-11-08,582
CDN,2025-11-09,3933
KG,2025-11-09,4646
Events,2025-11-09,136
API,2025-11-09,697
Apps,2025-11-09,3074
Portal,2025-11-09,2898
KG,2025-11-10,4727
Events,2025-11-10,1589
API,2025-11-10,5342
Portal,2025-11-10,6780
CDN,2025-11-10,7125
Apps,2025-11-10,5133
Apps,2025-11-11,3465
API,2025-11-11,1664
Portal,2025-11-11,6123
KG,2025-11-11,6773
CDN,2025-11-11,6189
Events,2025-11-11,674
Events,2025-11-12,1061
CDN,2025-11-12,6154
KG,2025-11-12,3462
Apps,2025-11-12,3096
Portal,2025-11-12,4857
API,2025-11-12,2068
Apps,2025-11-13,3311
CDN,2025-11-13,7181
Events,2025-11-13,1296
API,2025-11-13,17291
Portal,2025-11-13,5266
KG,2025-11-13,12942
Events,2025-11-14,379
KG,2025-11-14,3375
Portal,2025-11-14,4269
Apps,2025-11-14,2380
API,2025-11-14,1232
CDN,2025-11-14,8386
KG,2025-11-15,4029
Events,2025-11-15,125
Apps,2025-11-15,1953
API,2025-11-15,512
CDN,2025-11-15,2984
Portal,2025-11-15,2567
API,2025-11-16,519
KG,2025-11-16,3984
Events,2025-11-16,158
CDN,2025-11-16,3411
Portal,2025-11-16,3235
Apps,2025-11-16,2427
API,2025-11-17,1472
Events,2025-11-17,802
Apps,2025-11-17,2292
CDN,2025-11-17,5813
Portal,2025-11-17,4470
KG,2025-11-17,4091
Apps,2025-11-18,3311
KG,2025-11-18,5063
API,2025-11-18,2580
Events,2025-11-18,1109
CDN,2025-11-18,7641
Portal,2025-11-18,5726
CDN,2025-11-19,7973
Portal,2025-11-19,5506
API,2025-11-19,4619
Apps,2025-11-19,2737
KG,2025-11-19,6796
Events,2025-11-19,1103
CDN,2025-11-20,7345
Apps,2025-11-20,3721
Events,2025-11-20,1736
API,2025-11-20,2457
KG,2025-11-20,13567
Portal,2025-11-20,5920
Events,2025-11-21,1393
Apps,2025-11-21,4443
API,2025-11-21,2575
CDN,2025-11-21,6738
Portal,2025-11-21,6202
KG,2025-11-21,4629
Portal,2025-11-22,3836
Events,2025-11-22,669
Apps,2025-11-22,3120
KG,2025-11-22,4439
CDN,2025-11-22,3584
API,2025-11-22,740
Apps,2025-11-23,2073
CDN,2025-11-23,3499
Portal,2025-11-23,4192
API,2025-11-23,773
KG,2025-11-23,2445
Events,2025-11-23,222
Events,2025-11-24,541
Apps,2025-11-24,2965
API,2025-11-24,995
CDN,2025-11-24,5609
KG,2025-11-24,3713
Portal,2025-11-24,4344
Portal,2025-11-25,5180
CDN,2025-11-25,5856
API,2025-11-25,2678
KG,2025-11-25,4172
Apps,2025-11-25,2479
Events,2025-11-25,722
Events,2025-11-26,1336
CDN,2025-11-26,5275
API,2025-11-26,2120
Apps,2025-11-26,2625
KG,2025-11-26,4049
Portal,2025-11-26,6550
Events,2025-11-27,724
API,2025-11-27,1431
Apps,2025-11-27,2538
KG,2025-11-27,3091
CDN,2025-11-27,5280
Portal,2025-11-27,3221
API,2025-11-28,932
Apps,2025-11-28,2133
CDN,2025-11-28,3965
KG,2025-11-28,3446
Events,2025-11-28,416
Portal,2025-11-28,3242
Events,2025-11-29,262
Portal,2025-11-29,3661
Apps,2025-11-29,2900
KG,2025-11-29,3778
CDN,2025-11-29,3977
API,2025-11-29,793
Events,2025-11-30,657
KG,2025-11-30,4602
Portal,2025-11-30,3002
CDN,2025-11-30,3219
Apps,2025-11-30,2672
API,2025-11-30,598
API,2025-12-01,5161
CDN,2025-12-01,5913
Portal,2025-12-01,5846
Apps,2025-12-01,3817
Events,2025-12-01,1546
KG,2025-12-01,4392
Events,2025-12-02,1889
API,2025-12-02,9039
Portal,2025-12-02,6386
CDN,2025-12-02,6586
Apps,2025-12-02,3164
KG,2025-12-02,4512
CDN,2025-12-03,5690
Portal,2025-12-03,4707
KG,2025-12-03,3628
Events,2025-12-03,840
Apps,2025-12-03,4537
API,2025-12-03,2592
Portal,2025-12-04,4808
API,2025-12-04,1813
CDN,2025-12-04,5582
KG,2025-12-04,4547
Apps,2025-12-04,3212
Events,2025-12-04,752
CDN,2025-12-05,8251
KG,2025-12-05,5632
Apps,2025-12-05,3998
Events,2025-12-05,1565
API,2025-12-05,9758
Portal,2025-12-05,7107
KG,2025-12-06,2751
CDN,2025-12-06,4366
Portal,2025-12-06,6443
Apps,2025-12-06,2450
Events,2025-12-06,110
API,2025-12-06,904
API,2025-12-07,792
Events,2025-12-07,271
KG,2025-12-07,5447
CDN,2025-12-07,6246
Portal,2025-12-07,6683
Apps,2025-12-07,2857
KG,2025-12-08,5878
Portal,2025-12-08,6125
API,2025-12-08,2242
CDN,2025-12-08,8020
Events,2025-12-08,826
Apps,2025-12-08,3369
Events,2025-12-09,1486
API,2025-12-09,1796
CDN,2025-12-09,7866
Portal,2025-12-09,7104
KG,2025-12-09,3675
Apps,2025-12-09,2593
Events,2025-12-10,974
API,2025-12-10,2065
Apps,2025-12-10,2848
CDN,2025-12-10,7488
KG,2025-12-10,4682
Portal,2025-12-10,5911
CDN,2025-12-11,8367
Events,2025-12-11,2375
API,2025-12-11,2144
KG,2025-12-11,5386
Apps,2025-12-11,2988
Portal,2025-12-11,6807
Apps,2025-12-12,4488
KG,2025-12-12,4925
Events,2025-12-12,1897
CDN,2025-12-12,8204
API,2025-12-12,1955
Portal,2025-12-12,6031
CDN,2025-12-13,4025
Portal,2025-12-13,3194
API,2025-12-13,2498
Apps,2025-12-13,2704
KG,2025-12-13,5607
Events,2025-12-13,323
CDN,2025-12-14,4049
API,2025-12-14,695
KG,2025-12-14,7370
Events,2025-12-14,180
Portal,2025-12-14,3770
Apps,2025-12-14,2912
CDN,2025-12-15,9274
Apps,2025-12-15,3709
KG,2025-12-15,5146
API,2025-12-15,3016
Events,2025-12-15,3320
Portal,2025-12-15,7214
Events,2025-12-16,1168
API,2025-12-16,2174
CDN,2025-12-16,7565
Apps,2025-12-16,2976
Portal,2025-12-16,5413
KG,2025-12-16,6219
Apps,2025-12-17,3004
Events,2025-12-17,1668
Portal,2025-12-17,6172
KG,2025-12-17,4323
API,2025-12-17,3432
CDN,2025-12-17,10413
Apps,2025-12-18,2085
Portal,2025-12-18,5469
Events,2025-12-18,408
KG,2025-12-18,3210
API,2025-12-18,2006
CDN,2025-12-18,11169
KG,2025-12-19,6000
API,2025-12-19,3183
Events,2025-12-19,1802
Portal,2025-12-19,4768
CDN,2025-12-19,8547
Apps,2025-12-19,5510
Portal,2025-12-20,3280
Events,2025-12-20,587
Apps,2025-12-20,2738
KG,2025-12-20,3560
CDN,2025-12-20,10019
API,2025-12-20,1053
API,2025-12-21,777
KG,2025-12-21,7119
Apps,2025-12-21,3009
Events,2025-12-21,283
CDN,2025-12-21,10992
Portal,2025-12-21,3787
Apps,2025-12-22,2755
CDN,2025-12-22,6443
API,2025-12-22,1141
Portal,2025-12-22,8634
Events,2025-12-22,305
KG,2025-12-22,5170
Events,2025-12-23,307
API,2025-12-23,805
Apps,2025-12-23,3289
CDN,2025-12-23,14370
KG,2025-12-23,5133
Portal,2025-12-23,3158
CDN,2025-12-24,4380
Apps,2025-12-24,2831
Events,2025-12-24,295
KG,2025-12-24,4080
Portal,2025-12-24,3864
API,2025-12-24,583
CDN,2025-12-25,4722
API,2025-12-25,895
KG,2025-12-25,3669
Events,2025-12-25,299
Apps,2025-12-25,3757
Portal,2025-12-25,3729
API,2025-12-26,528
CDN,2025-12-26,5906
Apps,2025-12-26,2049
Portal,2025-12-26,6672
KG,2025-12-26,3982
Events,2025-12-26,195
API,2025-12-27,885
Events,2025-12-27,136
KG,2025-12-27,7009
Portal,2025-12-27,3899
CDN,2025-12-27,5212
Apps,2025-12-27,4828
Apps,2025-12-28,3339
CDN,2025-12-28,5042
Events,2025-12-28,183
Portal,2025-12-28,3490
KG,2025-12-28,3506
API,2025-12-28,505
Events,2025-12-29,254
CDN,2025-12-29,4444
Portal,2025-12-29,4189
Apps,2025-12-29,2808
KG,2025-12-29,3705
API,2025-12-29,2038
Portal,2025-12-30,3005
Events,2025-12-30,1961
KG,2025-12-30,4836
CDN,2025-12-30,5447
Apps,2025-12-30,3173
API,2025-12-30,3771
Portal,2025-12-31,4580
CDN,2025-12-31,4051
Apps,2025-12-31,3483
Events,2025-12-31,674
KG,2025-12-31,3290
API,2025-12-31,1367
Events,2026-01-01,170
API,2026-01-01,776
CDN,2026-01-01,15769
Apps,2026-01-01,5146
KG,2026-01-01,5016
Portal,2026-01-01,3030
CDN,2026-01-02,4007
KG,2026-01-02,5505
Apps,2026-01-02,3727
Portal,2026-01-02,3984
Events,2026-01-02,259
API,2026-01-02,1077
Events,2026-01-03,548
KG,2026-01-03,4994
API,2026-01-03,467
CDN,2026-01-03,9611
Portal,2026-01-03,4421
Apps,2026-01-03,2779
KG,2026-01-04,4016
Portal,2026-01-04,3757
API,2026-01-04,618
CDN,2026-01-04,10607
Apps,2026-01-04,2903
Events,2026-01-04,204
KG,2026-01-05,5289
Apps,2026-01-05,3510
CDN,2026-01-05,11043
Events,2026-01-05,441
Portal,2026-01-05,4847
API,2026-01-05,1780
KG,2026-01-06,5991
Events,2026-01-06,740
Apps,2026-01-06,3542
API,2026-01-06,2224
Portal,2026-01-06,5748
CDN,2026-01-06,9722
KG,2026-01-07,3764
Events,2026-01-07,1484
Apps,2026-01-07,2542
CDN,2026-01-07,19050
API,2026-01-07,1172
Portal,2026-01-07,4688
Apps,2026-01-08,3934
API,2026-01-08,1702
CDN,2026-01-08,13683
KG,2026-01-08,5262
Events,2026-01-08,887
Portal,2026-01-08,5773
API,2026-01-09,1650
KG,2026-01-09,6205
Portal,2026-01-09,7184
Events,2026-01-09,2073
Apps,2026-01-09,4423
CDN,2026-01-09,9478
KG,2026-01-10,2801
Events,2026-01-10,294
CDN,2026-01-10,2612
API,2026-01-10,571
Apps,2026-01-10,2511
Portal,2026-01-10,3927
Apps,2026-01-11,4163
CDN,2026-01-11,3998
API,2026-01-11,1965
Portal,2026-01-11,7364
Events,2026-01-11,417
KG,2026-01-11,3368
Portal,2026-01-12,6529
Apps,2026-01-12,3241
CDN,2026-01-12,7026
API,2026-01-12,1256
Events,2026-01-12,1219
KG,2026-01-12,4885
API,2026-01-13,1721
Portal,2026-01-13,7525
Apps,2026-01-13,2821
KG,2026-01-13,3505
Events,2026-01-13,1107
CDN,2026-01-13,7263
API,2026-01-14,38191
Apps,2026-01-14,3607
Events,2026-01-14,2650
KG,2026-01-14,6120
Portal,2026-01-14,8008
CDN,2026-01-14,20245
Portal,2026-01-15,6024
CDN,2026-01-15,7402
Apps,2026-01-15,4456
API,2026-01-15,2409
Events,2026-01-15,1596
KG,2026-01-15,5358
Events,2026-01-16,2523
API,2026-01-16,1544
CDN,2026-01-16,5966
Portal,2026-01-16,7582
KG,2026-01-16,8625
Apps,2026-01-16,3412
Portal,2026-01-17,4243
Events,2026-01-17,265
KG,2026-01-17,4543
CDN,2026-01-17,4597
API,2026-01-17,1948
Apps,2026-01-17,5125
Apps,2026-01-18,3076
Events,2026-01-18,192
Portal,2026-01-18,4501
CDN,2026-01-18,6401
KG,2026-01-18,4453
API,2026-01-18,925
CDN,2026-01-19,6969
API,2026-01-19,1483
KG,2026-01-19,5493
Events,2026-01-19,288
Apps,2026-01-19,4180
Portal,2026-01-19,6608
API,2026-01-20,2401
CDN,2026-01-20,8171
Portal,2026-01-20,8770
KG,2026-01-20,4957
Apps,2026-01-20,5112
Events,2026-01-20,1822
CDN,2026-01-21,10105
KG,2026-01-21,6256
Events,2026-01-21,1133
API,2026-01-21,37053
Portal,2026-01-21,5874
Apps,2026-01-21,3384
KG,2026-01-22,6889
Events,2026-01-22,1475
API,2026-01-22,3593
Portal,2026-01-22,6386
Apps,2026-01-22,3709
CDN,2026-01-22,11521
Events,2026-01-23,1983
Portal,2026-01-23,9705
Apps,2026-01-23,4224
CDN,2026-01-23,7599
API,2026-01-23,2541
KG,2026-01-23,5041
Events,2026-01-24,125
API,2026-01-24,1293
CDN,2026-01-24,6924
KG,2026-01-24,6963
Portal,2026-01-24,6311
Apps,2026-01-24,4282
Portal,2026-01-25,6611
CDN,2026-01-25,5749
Apps,2026-01-25,7524
API,2026-01-25,2472
Events,2026-01-25,156
KG,2026-01-25,6479
KG,2026-01-26,7316
CDN,2026-01-26,10448
Apps,2026-01-26,6517
API,2026-01-26,1829
Events,2026-01-26,536
Portal,2026-01-26,7595
API,2026-01-27,3439
KG,2026-01-27,4370
Portal,2026-01-27,7346
CDN,2026-01-27,13423
Events,2026-01-27,2342
Apps,2026-01-27,5493
KG,2026-01-28,9057
API,2026-01-28,37978
Events,2026-01-28,2932
Apps,2026-01-28,5207
CDN,2026-01-28,19853
Portal,2026-01-28,6297
API,2026-01-29,3232
CDN,2026-01-29,16160
KG,2026-01-29,8672
Apps,2026-01-29,6143
Events,2026-01-29,2126
Portal,2026-01-29,8628
Portal,2026-01-30,5392
Apps,2026-01-30,3907
Events,2026-01-30,2284
API,2026-01-30,2252
KG,2026-01-30,3982
CDN,2026-01-30,9569
KG,2026-01-31,5895
Portal,2026-01-31,6292
Apps,2026-01-31,3934
CDN,2026-01-31,6644
Events,2026-01-31,211
API,2026-01-31,1366
CDN,2026-02-01,5962
API,2026-02-01,1304
Portal,2026-02-01,4724
Events,2026-02-01,162
KG,2026-02-01,4907
Apps,2026-02-01,3547
Portal,2026-02-02,7892
Apps,2026-02-02,4225
CDN,2026-02-02,11110
API,2026-02-02,2450
KG,2026-02-02,6032
Events,2026-02-02,1634
API,2026-02-03,2769
Apps,2026-02-03,4468
Events,2026-02-03,1472
KG,2026-02-03,6463
Portal,2026-02-03,9804
CDN,2026-02-03,11238
Apps,2026-02-04,4789
Portal,2026-02-04,6179
API,2026-02-04,39044
CDN,2026-02-04,16064
KG,2026-02-04,5937
Events,2026-02-04,2620
Portal,2026-02-05,10653
Apps,2026-02-05,7968
KG,2026-02-05,6609
API,2026-02-05,2506
CDN,2026-02-05,17047
Events,2026-02-05,1760
CDN,2026-02-06,14698
Portal,2026-02-06,5918
Apps,2026-02-06,5910
API,2026-02-06,7592
Events,2026-02-06,1760
KG,2026-02-06,6173
Events,2026-02-07,448
CDN,2026-02-07,9329
API,2026-02-07,7096
Apps,2026-02-07,3052
Portal,2026-02-07,4491
KG,2026-02-07,4899
Portal,2026-02-08,6206
CDN,2026-02-08,6540
Events,2026-02-08,197
API,2026-02-08,1438
KG,2026-02-08,6153
Apps,2026-02-08,5943
CDN,2026-02-09,10720
Portal,2026-02-09,7893
Apps,2026-02-09,4365
API,2026-02-09,2571
Events,2026-02-09,1630
KG,2026-02-09,5439
KG,2026-02-10,8334
Events,2026-02-10,2906
API,2026-02-10,3851
Portal,2026-02-10,13280
CDN,2026-02-10,11580
Apps,2026-02-10,6377
Apps,2026-02-11,4196
CDN,2026-02-11,8303
Events,2026-02-11,919
API,2026-02-11,19443
KG,2026-02-11,7503
Portal,2026-02-11,5426
Apps,2026-02-12,3948
CDN,2026-02-12,9396
Events,2026-02-12,1483
KG,2026-02-12,5053
API,2026-02-12,37159
Portal,2026-02-12,6522
Events,2026-02-13,2649
Apps,2026-02-13,6258
KG,2026-02-13,7742
API,2026-02-13,3028
CDN,2026-02-13,7658
Portal,2026-02-13,5161
KG,2026-02-14,8401
Events,2026-02-14,74
Apps,2026-02-14,3790
API,2026-02-14,618
CDN,2026-02-14,6103
Portal,2026-02-14,8266
Events,2026-02-15,778
KG,2026-02-15,7172
Apps,2026-02-15,3500
CDN,2026-02-15,4702
Portal,2026-02-15,6628
API,2026-02-15,1560
CDN,2026-02-16,9127
Portal,2026-02-16,3782
KG,2026-02-16,5198
Apps,2026-02-16,4378
API,2026-02-16,2011
Events,2026-02-16,1009
Events,2026-02-17,1311
CDN,2026-02-17,7122
KG,2026-02-17,7783
Apps,2026-02-17,5967
API,2026-02-17,4165
Portal,2026-02-17,6272
CDN,2026-02-18,7336
Apps,2026-02-18,3103
Portal,2026-02-18,12816
Events,2026-02-18,3350
KG,2026-02-18,7185
API,2026-02-18,40605
API,2026-02-19,2714
Apps,2026-02-19,3216
Portal,2026-02-19,5001
Events,2026-02-19,993
KG,2026-02-19,4550
CDN,2026-02-19,7685
Events,2026-02-20,4023
CDN,2026-02-20,8793
API,2026-02-20,3062
KG,2026-02-20,7020
Portal,2026-02-20,6392
Apps,2026-02-20,3659
CDN,2026-02-21,3711
Portal,2026-02-21,3578
Apps,2026-02-21,5057
API,2026-02-21,1319
KG,2026-02-21,4932
Events,2026-02-21,261
Portal,2026-02-22,7103
API,2026-02-22,769
Events,2026-02-22,455
Apps,2026-02-22,2863
KG,2026-02-22,3874
CDN,2026-02-22,4279
CDN,2026-02-23,8908
API,2026-02-23,2242
Apps,2026-02-23,3386
KG,2026-02-23,20960
Events,2026-02-23,2380
Portal,2026-02-23,6084
Events,2026-02-24,3129
CDN,2026-02-24,9913
API,2026-02-24,2729
Apps,2026-02-24,4565
Portal,2026-02-24,6382
KG,2026-02-24,5456
Apps,2026-02-25,4745
Events,2026-02-25,1785
API,2026-02-25,37491
CDN,2026-02-25,8414
Portal,2026-02-25,7091
KG,2026-02-25,5637
API,2026-02-26,1424
Portal,2026-02-26,8211
KG,2026-02-26,4231
Events,2026-02-26,2210
Apps,2026-02-26,4748
CDN,2026-02-26,8816
Portal,2026-02-27,6824
KG,2026-02-27,6961
API,2026-02-27,3676
Events,2026-02-27,2747
Apps,2026-02-27,3556
CDN,2026-02-27,8298
CDN,2026-02-28,4458
Portal,2026-02-28,6002
API,2026-02-28,1347
Apps,2026-02-28,4905
Events,2026-02-28,268
KG,2026-02-28,4470
Apps,2026-03-01,3462
API,2026-03-01,1126
CDN,2026-03-01,5684
KG,2026-03-01,3997
Events,2026-03-01,428
Portal,2026-03-01,7488
API,2026-03-02,3972
Events,2026-03-02,860
CDN,2026-03-02,10704
Portal,2026-03-02,8129
KG,2026-03-02,6014
Apps,2026-03-02,6070
CDN,2026-03-03,13664
API,2026-03-03,2329
Events,2026-03-03,2086
Portal,2026-03-03,8419
KG,2026-03-03,6250
Apps,2026-03-03,5706
CDN,2026-03-04,15513
Apps,2026-03-04,2923
Events,2026-03-04,1391
API,2026-03-04,37957
KG,2026-03-04,6272
Portal,2026-03-04,6653
Events,2026-03-05,998
CDN,2026-03-05,10554
API,2026-03-05,2463
Apps,2026-03-05,4324
KG,2026-03-05,6318
Portal,2026-03-05,8549
CDN,2026-03-06,8723
Apps,2026-03-06,5228
KG,2026-03-06,7124
API,2026-03-06,1894
Portal,2026-03-06,6652
Events,2026-03-06,644
API,2026-03-07,1440
CDN,2026-03-07,8810
Apps,2026-03-07,7022
Events,2026-03-07,187
KG,2026-03-07,8124
Portal,2026-03-07,8831
CDN,2026-03-08,9543
Apps,2026-03-08,8101
Events,2026-03-08,1136
API,2026-03-08,1430
Portal,2026-03-08,13245
KG,2026-03-08,9125
KG,2026-03-09,7473
Portal,2026-03-09,7922
API,2026-03-09,3635
Apps,2026-03-09,4528
Events,2026-03-09,2700
CDN,2026-03-09,9486
API,2026-03-10,3367
KG,2026-03-10,4590
Portal,2026-03-10,8362
CDN,2026-03-10,15714
Events,2026-03-10,2169
Apps,2026-03-10,4192
Events,2026-03-11,2010
CDN,2026-03-11,11151
Apps,2026-03-11,3796
Portal,2026-03-11,7174
KG,2026-03-11,8809
API,2026-03-11,5350
Apps,2026-03-12,3838
KG,2026-03-12,8378
CDN,2026-03-12,9922
API,2026-03-12,3387
Events,2026-03-12,930
Portal,2026-03-12,7614
Apps,2026-03-13,4135
Portal,2026-03-13,10397
API,2026-03-13,1111
Events,2026-03-13,1320
CDN,2026-03-13,8474
KG,2026-03-13,7614
Events,2026-03-14,625
Apps,2026-03-14,5315
Portal,2026-03-14,6442
API,2026-03-14,1450
CDN,2026-03-14,4356
KG,2026-03-14,7300
API,2026-03-15,914
CDN,2026-03-15,5232
KG,2026-03-15,5921
Portal,2026-03-15,4666
Apps,2026-03-15,4446
Events,2026-03-15,436
KG,2026-03-16,5817
CDN,2026-03-16,10370
Events,2026-03-16,1071
Apps,2026-03-16,4252
Portal,2026-03-16,4993
API,2026-03-16,1703
KG,2026-03-17,6584
API,2026-03-17,1585
Events,2026-03-17,1042
Apps,2026-03-17,3017
Portal,2026-03-17,6161
CDN,2026-03-17,7202
Portal,2026-03-18,6952
CDN,2026-03-18,8541
API,2026-03-18,36348
Apps,2026-03-18,4106
KG,2026-03-18,4830
Events,2026-03-18,1043
Apps,2026-03-19,3474
KG,2026-03-19,9245
Events,2026-03-19,2354
CDN,2026-03-19,9994
Portal,2026-03-19,6755
API,2026-03-19,2000
Events,2026-03-20,2504
Portal,2026-03-20,5792
CDN,2026-03-20,10410
API,2026-03-20,2425
Apps,2026-03-20,3401
KG,2026-03-20,5075
KG,2026-03-21,4850
Apps,2026-03-21,4648
CDN,2026-03-21,6368
Events,2026-03-21,399
Portal,2026-03-21,5136
API,2026-03-21,1001
CDN,2026-03-22,4904
KG,2026-03-22,8155
Apps,2026-03-22,3232
Portal,2026-03-22,6947
API,2026-03-22,1102
Events,2026-03-22,983
API,2026-03-23,2971
KG,2026-03-23,7553
Events,2026-03-23,1422
CDN,2026-03-23,10542
Apps,2026-03-23,5040
Portal,2026-03-23,9259
API,2026-03-24,6310
Events,2026-03-24,1664
KG,2026-03-24,8958
Apps,2026-03-24,4397
CDN,2026-03-24,10813
Portal,2026-03-24,5823
KG,2026-03-25,7072
API,2026-03-25,25412
CDN,2026-03-25,11050
Portal,2026-03-25,7153
Apps,2026-03-25,4766
Events,2026-03-25,1288
Events,2026-03-26,1457
KG,2026-03-26,7272
API,2026-03-26,2530
Portal,2026-03-26,7918
Apps,2026-03-26,5329
CDN,2026-03-26,12765
KG,2026-03-27,12265
API,2026-03-27,4222
Events,2026-03-27,1610
CDN,2026-03-27,12111
Portal,2026-03-27,6497
Apps,2026-03-27,6146
CDN,2026-03-28,6948
Apps,2026-03-28,8212
API,2026-03-28,1196
Portal,2026-03-28,4849
Events,2026-03-28,468
KG,2026-03-28,6929
Apps,2026-03-29,4332
KG,2026-03-29,6790
Events,2026-03-29,276
Portal,2026-03-29,4444
API,2026-03-29,1405
CDN,2026-03-29,5584
Apps,2026-03-30,4677
Portal,2026-03-30,7467
API,2026-03-30,2419
KG,2026-03-30,5416
Events,2026-03-30,1588
CDN,2026-03-30,9974
Apps,2026-03-31,3855
API,2026-03-31,4118
Portal,2026-03-31,7165
Events,2026-03-31,784
CDN,2026-03-31,9282
KG,2026-03-31,6015
API,2026-04-01,37803
KG,2026-04-01,5757
Apps,2026-04-01,4386
Portal,2026-04-01,9273
CDN,2026-04-01,7981
Events,2026-04-01,968
Events,2026-04-02,912
Apps,2026-04-02,4149
API,2026-04-02,1793
Portal,2026-04-02,5900
KG,2026-04-02,5028
CDN,2026-04-02,10203
API,2026-04-03,5327
Apps,2026-04-03,6865
Portal,2026-04-03,7611
Events,2026-04-03,1127
CDN,2026-04-03,18137
KG,2026-04-03,7468
Events,2026-04-04,469
KG,2026-04-04,4481
Portal,2026-04-04,9106
API,2026-04-04,1730
CDN,2026-04-04,10092
Apps,2026-04-04,5922
KG,2026-04-05,3849
API,2026-04-05,1271
Apps,2026-04-05,8091
CDN,2026-04-05,6868
Events,2026-04-05,683
Portal,2026-04-05,5725
KG,2026-04-06,5690
CDN,2026-04-06,8784
Apps,2026-04-06,3251
API,2026-04-06,1415
Portal,2026-04-06,5569
Events,2026-04-06,767
Apps,2026-04-07,3717
KG,2026-04-07,4857
API,2026-04-07,1660
CDN,2026-04-07,11250
Events,2026-04-07,1351
Portal,2026-04-07,5880
CDN,2026-04-08,9656
Events,2026-04-08,1440
KG,2026-04-08,8244
API,2026-04-08,27610
Portal,2026-04-08,7309
Apps,2026-04-08,4150
Portal,2026-04-09,9128
API,2026-04-09,28729
KG,2026-04-09,7192
CDN,2026-04-09,7597
Apps,2026-04-09,8633
Events,2026-04-09,1098
CDN,2026-04-10,10735
API,2026-04-10,80826
Apps,2026-04-10,3056
KG,2026-04-10,6629
Events,2026-04-10,421
Portal,2026-04-10,4359
Events,2026-04-11,291
Apps,2026-04-11,3124
API,2026-04-11,650
KG,2026-04-11,3936
Portal,2026-04-11,4219
CDN,2026-04-11,6170
API,2026-04-12,859
CDN,2026-04-12,11220
Apps,2026-04-12,3151
Portal,2026-04-12,6181
Events,2026-04-12,680
KG,2026-04-12,4647
Events,2026-04-13,1675
Portal,2026-04-13,6909
KG,2026-04-13,5175
CDN,2026-04-13,7973
Apps,2026-04-13,3499
API,2026-04-13,4324
CDN,2026-04-14,12680
Portal,2026-04-14,7416
KG,2026-04-14,5067
API,2026-04-14,2543
Events,2026-04-14,1996
Apps,2026-04-14,3747
API,2026-04-15,26479
Portal,2026-04-15,8230
Apps,2026-04-15,8091
KG,2026-04-15,16856
Events,2026-04-15,5443
CDN,2026-04-15,16778
Portal,2026-04-16,7343
CDN,2026-04-16,11244
Apps,2026-04-16,3534
KG,2026-04-16,5139
Events,2026-04-16,1298
API,2026-04-16,1548
CDN,2026-04-17,14070
Events,2026-04-17,4158
API,2026-04-17,2922
KG,2026-04-17,12324
Apps,2026-04-17,4290
Portal,2026-04-17,16842
Portal,2026-04-18,4376
KG,2026-04-18,3620
API,2026-04-18,989
CDN,2026-04-18,7547
Apps,2026-04-18,2920
Events,2026-04-18,374
KG,2026-04-19,5971
Portal,2026-04-19,6518
API,2026-04-19,2122
CDN,2026-04-19,8171
Apps,2026-04-19,3449
Events,2026-04-19,1134
API,2026-04-20,1959
Portal,2026-04-20,5644
CDN,2026-04-20,9347
Apps,2026-04-20,3077
KG,2026-04-20,9692
Events,2026-04-20,1574
Portal,2026-04-21,5016
API,2026-04-21,2655
KG,2026-04-21,8758
Apps,2026-04-21,9500
CDN,2026-04-21,10581
Events,2026-04-21,1682
Portal,2026-04-22,7284
CDN,2026-04-22,12510
Events,2026-04-22,1634
API,2026-04-22,37838
KG,2026-04-22,10369
Apps,2026-04-22,2992
Events,2026-04-23,905
API,2026-04-23,2169
Portal,2026-04-23,5479
CDN,2026-04-23,9409
Apps,2026-04-23,3300
KG,2026-04-23,10580
Portal,2026-04-24,8066
Events,2026-04-24,2257
KG,2026-04-24,6030
API,2026-04-24,2860
CDN,2026-04-24,14481
Apps,2026-04-24,2816
Events,2026-04-25,819
KG,2026-04-25,4540
Portal,2026-04-25,4595
CDN,2026-04-25,10572
API,2026-04-25,910
Apps,2026-04-25,3151
API,2026-04-26,680
Portal,2026-04-26,3451
Apps,2026-04-26,2964
KG,2026-04-26,3082
Events,2026-04-26,331
CDN,2026-04-26,5165
Events,2026-04-27,1275
API,2026-04-27,2667
Portal,2026-04-27,5883
KG,2026-04-27,5001
CDN,2026-04-27,9631
Apps,2026-04-27,3174
CDN,2026-04-28,8654
Apps,2026-04-28,2463
Events,2026-04-28,905
Portal,2026-04-28,4672
API,2026-04-28,103999
KG,2026-04-28,4441
Apps,2026-04-29,7266
API,2026-04-29,110006
Events,2026-04-29,1992
Portal,2026-04-29,7804
CDN,2026-04-29,15339
KG,2026-04-29,5214
Apps,2026-04-30,9250
KG,2026-04-30,6524
Portal,2026-04-30,11614
API,2026-04-30,4664
CDN,2026-04-30,19482
Events,2026-04-30,2679
CDN,2026-05-01,10478
Apps,2026-05-01,2274
Portal,2026-05-01,4234
Events,2026-05-01,1911
API,2026-05-01,2896
KG,2026-05-01,3549
KG,2026-05-02,3852
Events,2026-05-02,135
Apps,2026-05-02,2265
CDN,2026-05-02,5019
Portal,2026-05-02,5719
API,2026-05-02,717
Events,2026-05-03,200
CDN,2026-05-03,3284
Portal,2026-05-03,4128
Apps,2026-05-03,2405
API,2026-05-03,768
KG,2026-05-03,2835
API,2026-05-04,1966
CDN,2026-05-04,7973
Apps,2026-05-04,2594
KG,2026-05-04,4441
Portal,2026-05-04,9341
Events,2026-05-04,579
CDN,2026-05-05,14761
Events,2026-05-05,4010
API,2026-05-05,1792
Portal,2026-05-05,6962
Apps,2026-05-05,2337
KG,2026-05-05,7202
Events,2026-05-06,1654
Portal,2026-05-06,5217
CDN,2026-05-06,17241
KG,2026-05-06,4186
Apps,2026-05-06,2547
API,2026-05-06,35997
Apps,2026-05-07,2869
API,2026-05-07,1235
KG,2026-05-07,4278
CDN,2026-05-07,12070
Events,2026-05-07,1251
Portal,2026-05-07,6389
KG,2026-05-08,12763
Portal,2026-05-08,4612
CDN,2026-05-08,8430
Apps,2026-05-08,3466
Events,2026-05-08,2543
API,2026-05-08,776
KG,2026-05-09,4646
API,2026-05-09,792
CDN,2026-05-09,33235
Portal,2026-05-09,6544
Events,2026-05-09,195
Apps,2026-05-09,3879
Portal,2026-05-10,3912
Apps,2026-05-10,2840
KG,2026-05-10,3471
Events,2026-05-10,246
API,2026-05-10,719
CDN,2026-05-10,4137
Portal,2026-05-11,4914
API,2026-05-11,960
KG,2026-05-11,4560
Apps,2026-05-11,2716
CDN,2026-05-11,8595
Events,2026-05-11,561
Events,2026-05-12,514
KG,2026-05-12,4825
Portal,2026-05-12,5556
API,2026-05-12,722
CDN,2026-05-12,7706
Apps,2026-05-12,1977
API,2026-05-13,36028
CDN,2026-05-13,9035
Apps,2026-05-13,2632
Portal,2026-05-13,4554
Events,2026-05-13,661
KG,2026-05-13,5034
KG,2026-05-14,2777
Portal,2026-05-14,5081
API,2026-05-14,1030
CDN,2026-05-14,6970
Events,2026-05-14,286
Apps,2026-05-14,1966
Apps,2026-05-15,2272
CDN,2026-05-15,8157
KG,2026-05-15,3061
API,2026-05-15,933
Portal,2026-05-15,5705
Events,2026-05-15,1806
Apps,2026-05-16,1712
Events,2026-05-16,624
Portal,2026-05-16,3512
CDN,2026-05-16,4363
KG,2026-05-16,3796
API,2026-05-16,263
API,2026-05-17,239
Events,2026-05-17,113
Apps,2026-05-17,1569
KG,2026-05-17,2228
CDN,2026-05-17,3975
Portal,2026-05-17,3636
CDN,2026-05-18,7261
Apps,2026-05-18,2850
Events,2026-05-18,1116
Portal,2026-05-18,5066
KG,2026-05-18,5812
API,2026-05-18,1900
Apps,2026-05-19,5949
Portal,2026-05-19,6308
KG,2026-05-19,6409
Events,2026-05-19,501
API,2026-05-19,1001
CDN,2026-05-19,8478
Events,2026-05-20,856
Apps,2026-05-20,3147
API,2026-05-20,12386
CDN,2026-05-20,8891
KG,2026-05-20,5650
Portal,2026-05-20,4680
API,2026-05-21,1923
CDN,2026-05-21,10943
Events,2026-05-21,477
KG,2026-05-21,6687
Apps,2026-05-21,11661
Portal,2026-05-21,10341
KG,2026-05-22,4146
Portal,2026-05-22,6086
API,2026-05-22,1053
Events,2026-05-22,693
Apps,2026-05-22,2842
CDN,2026-05-22,5677
Events,2026-05-23,363
API,2026-05-23,223
Apps,2026-05-23,3316
KG,2026-05-23,4434
CDN,2026-05-23,3616
Portal,2026-05-23,3973
CDN,2026-05-24,3525
KG,2026-05-24,8604
Events,2026-05-24,73
Apps,2026-05-24,2506
Portal,2026-05-24,5342
API,2026-05-24,482
Apps,2026-05-25,2611
CDN,2026-05-25,5603
API,2026-05-25,824
Portal,2026-05-25,4790
Events,2026-05-25,481
KG,2026-05-25,7999
Events,2026-05-26,747
KG,2026-05-26,5322
Apps,2026-05-26,2613
CDN,2026-05-26,19671
API,2026-05-26,856
Portal,2026-05-26,6205
API,2026-05-27,35563
Events,2026-05-27,1065
Apps,2026-05-27,3254
KG,2026-05-27,6214
Portal,2026-05-27,6299
CDN,2026-05-27,13151
CDN,2026-05-28,8357
KG,2026-05-28,5827
Events,2026-05-28,493
Apps,2026-05-28,3002
Portal,2026-05-28,5136
API,2026-05-28,1683
Events,2026-05-29,1300
API,2026-05-29,2006
KG,2026-05-29,6161
Apps,2026-05-29,2813
Portal,2026-05-29,5625
CDN,2026-05-29,8427
Portal,2026-05-30,4168
CDN,2026-05-30,4889
Apps,2026-05-30,2246
Events,2026-05-30,218
KG,2026-05-30,5259
API,2026-05-30,468
API,2026-05-31,907
Portal,2026-05-31,4026
Apps,2026-05-31,2028
KG,2026-05-31,6766
CDN,2026-05-31,4215
Events,2026-05-31,593
CDN,2026-06-01,6826
Events,2026-06-01,671
API,2026-06-01,2075
Portal,2026-06-01,6013
Apps,2026-06-01,2137
KG,2026-06-01,5527
API,2026-06-02,1008
Portal,2026-06-02,5368
Events,2026-06-02,862
CDN,2026-06-02,7752
KG,2026-06-02,6196
Apps,2026-06-02,2717
KG,2026-06-03,5693
Events,2026-06-03,585
API,2026-06-03,36222
Portal,2026-06-03,5878
CDN,2026-06-03,9871
Apps,2026-06-03,2127
CDN,2026-06-04,11588
Apps,2026-06-04,2078
Events,2026-06-04,690
Portal,2026-06-04,4849
API,2026-06-04,1782
KG,2026-06-04,4535
Events,2026-06-05,853
Portal,2026-06-05,6161
CDN,2026-06-05,8624
KG,2026-06-05,4510
API,2026-06-05,38346
Apps,2026-06-05,2194
Events,2026-06-06,200
API,2026-06-06,1079
Apps,2026-06-06,2208
CDN,2026-06-06,4924
KG,2026-06-06,4977
Portal,2026-06-06,2944
API,2026-06-07,1201
Events,2026-06-07,196
CDN,2026-06-07,4480
Apps,2026-06-07,2085
Portal,2026-06-07,16644
KG,2026-06-07,4288
Apps,2026-06-08,3287
KG,2026-06-08,7586
API,2026-06-08,2412
Portal,2026-06-08,7945
CDN,2026-06-08,8276
Events,2026-06-08,880
KG,2026-06-09,5797
Portal,2026-06-09,7067
API,2026-06-09,2493
Events,2026-06-09,594
Apps,2026-06-09,2706
CDN,2026-06-09,9482
KG,2026-06-10,7533
Portal,2026-06-10,6039
Apps,2026-06-10,2756
API,2026-06-10,36715
CDN,2026-06-10,9093
Events,2026-06-10,1487
Portal,2026-06-11,9885
Events,2026-06-11,764
Apps,2026-06-11,3093
CDN,2026-06-11,10630
API,2026-06-11,2547
KG,2026-06-11,8377
KG,2026-06-12,8901
CDN,2026-06-12,11563
Apps,2026-06-12,2594
Events,2026-06-12,3046
Portal,2026-06-12,7815
API,2026-06-12,2500
Events,2026-06-13,368
API,2026-06-13,617
Apps,2026-06-13,2923
Portal,2026-06-13,4151
KG,2026-06-13,4882
CDN,2026-06-13,6133
CDN,2026-06-14,5624
Portal,2026-06-14,3414
KG,2026-06-14,4915
API,2026-06-14,1362
Events,2026-06-14,207
Apps,2026-06-14,2532
Apps,2026-06-15,2733
API,2026-06-15,1719
Events,2026-06-15,735
Portal,2026-06-15,9423
CDN,2026-06-15,10159
KG,2026-06-15,5922
Events,2026-06-16,1296
Apps,2026-06-16,3304
API,2026-06-16,3677
KG,2026-06-16,8304
CDN,2026-06-16,11067
Portal,2026-06-16,7549
Events,2026-06-17,472
Apps,2026-06-17,2170
Portal,2026-06-17,5287
API,2026-06-17,35679
KG,2026-06-17,4987
CDN,2026-06-17,8495
CDN,2026-06-18,8386
Apps,2026-06-18,15771
API,2026-06-18,2653
Portal,2026-06-18,6314
KG,2026-06-18,4977
Events,2026-06-18,675
CDN,2026-06-19,5436
Apps,2026-06-19,2211
Events,2026-06-19,488
Portal,2026-06-19,5140
API,2026-06-19,489
KG,2026-06-19,4678
Apps,2026-06-20,1903
Events,2026-06-20,334
API,2026-06-20,427
CDN,2026-06-20,4735
Portal,2026-06-20,3125
KG,2026-06-20,3936
Apps,2026-06-21,2090
API,2026-06-21,271
Portal,2026-06-21,3460
KG,2026-06-21,3667
Events,2026-06-21,194
CDN,2026-06-21,4315
Events,2026-06-22,461
Apps,2026-06-22,2883
CDN,2026-06-22,7202
KG,2026-06-22,3641
Portal,2026-06-22,7245
API,2026-06-22,701
CDN,2026-06-23,9494
Portal,2026-06-23,12997
Apps,2026-06-23,5824
KG,2026-06-23,7676
Events,2026-06-23,900
API,2026-06-23,3208
Events,2026-06-24,745
API,2026-06-24,36040
Apps,2026-06-24,3628
KG,2026-06-24,7393
CDN,2026-06-24,8916
Portal,2026-06-24,7948
CDN,2026-06-25,12447
API,2026-06-25,1531
Apps,2026-06-25,6545
Events,2026-06-25,446
KG,2026-06-25,5443
Portal,2026-06-25,5990
Apps,2026-06-26,5458
API,2026-06-26,1831
Events,2026-06-26,927
CDN,2026-06-26,14224
KG,2026-06-26,5488
Portal,2026-06-26,5645
API,2026-06-27,593
Events,2026-06-27,455
Portal,2026-06-27,15763
Apps,2026-06-27,2419
CDN,2026-06-27,5321
KG,2026-06-27,4090
CDN,2026-06-28,5891
Apps,2026-06-28,2606
Events,2026-06-28,426
API,2026-06-28,3233
Portal,2026-06-28,4382
KG,2026-06-28,5493
KG,2026-06-29,5817
Portal,2026-06-29,10600
Events,2026-06-29,950
CDN,2026-06-29,11005
API,2026-06-29,2438
Apps,2026-06-29,3328
CDN,2026-06-30,9664
KG,2026-06-30,6706
Portal,2026-06-30,8048
Events,2026-06-30,353
API,2026-06-30,880
Apps,2026-06-30,2689
Events,2026-07-01,1731
Apps,2026-07-01,3245
KG,2026-07-01,6600
Portal,2026-07-01,7333
CDN,2026-07-01,15854
API,2026-07-01,36854
Events,2026-07-02,1209
KG,2026-07-02,10407
CDN,2026-07-02,16059
API,2026-07-02,3787
Apps,2026-07-02,9185
Portal,2026-07-02,9385
Events,2026-07-03,329
CDN,2026-07-03,8733
API,2026-07-03,560
Portal,2026-07-03,5106
KG,2026-07-03,8980
Apps,2026-07-03,4412
CDN,2026-07-04,8113
API,2026-07-04,632
Apps,2026-07-04,2916
Events,2026-07-04,277
KG,2026-07-04,10360
Portal,2026-07-04,6565
API,2026-07-05,586
Events,2026-07-05,301
Portal,2026-07-05,5263
Apps,2026-07-05,3144
CDN,2026-07-05,6785
KG,2026-07-05,10837
Portal,2026-07-06,8212
CDN,2026-07-06,9977
Apps,2026-07-06,2974
KG,2026-07-06,7379
Events,2026-07-06,549
API,2026-07-06,774
KG,2026-07-07,6913
CDN,2026-07-07,20661
Portal,2026-07-07,5333
Apps,2026-07-07,13730
Events,2026-07-07,288
API,2026-07-07,2078
CDN,2026-07-08,11349
Portal,2026-07-08,11741
KG,2026-07-08,6860
Apps,2026-07-08,3538
Events,2026-07-08,1226
API,2026-07-08,37669
KG,2026-07-09,7145
CDN,2026-07-09,12426
Events,2026-07-09,1001
Portal,2026-07-09,5560
Apps,2026-07-09,3197
API,2026-07-09,1531
Apps,2026-07-10,4877
Events,2026-07-10,1117
CDN,2026-07-10,11321
API,2026-07-10,917
Portal,2026-07-10,7019
KG,2026-07-10,6117
KG,2026-07-11,9321
CDN,2026-07-11,10184
Portal,2026-07-11,5966
API,2026-07-11,648
Apps,2026-07-11,2683
Events,2026-07-11,477
CDN,2026-07-12,6623
Events,2026-07-12,174
Portal,2026-07-12,7195
Apps,2026-07-12,5388
KG,2026-07-12,9692
API,2026-07-12,634
CDN,2026-07-13,10562
KG,2026-07-13,9534
Portal,2026-07-13,8088
Apps,2026-07-13,6463
API,2026-07-13,1720
Events,2026-07-13,869
API,2026-07-14,2157
Events,2026-07-14,1959
CDN,2026-07-14,14063
Apps,2026-07-14,2852
Portal,2026-07-14,6263
KG,2026-07-14,7459
Apps,2026-07-15,3611
KG,2026-07-15,10038
API,2026-07-15,29652
Portal,2026-07-15,8188
Events,2026-07-15,1333
CDN,2026-07-15,15996
KG,2026-07-16,9563
Events,2026-07-16,681
Portal,2026-07-16,8912
CDN,2026-07-16,9784
Apps,2026-07-16,3512
API,2026-07-16,4777
Apps,2026-07-17,3527
API,2026-07-17,1120
Events,2026-07-17,883
Portal,2026-07-17,6543
KG,2026-07-17,8133
CDN,2026-07-17,9275
CDN,2026-07-18,8882
API,2026-07-18,490
Events,2026-07-18,347
Apps,2026-07-18,4796
Portal,2026-07-18,5136
KG,2026-07-18,6867
Portal,2026-07-19,6028
CDN,2026-07-19,21522
Events,2026-07-19,289
Apps,2026-07-19,2833
API,2026-07-19,426
KG,2026-07-19,3594
KG,2026-07-20,7964
Events,2026-07-20,808
CDN,2026-07-20,19260
Portal,2026-07-20,9098
API,2026-07-20,1053
Apps,2026-07-20,4582
Events,2026-07-21,1140
Portal,2026-07-21,10323
CDN,2026-07-21,27994
KG,2026-07-21,10132
API,2026-07-21,1807
Apps,2026-07-21,3146
Apps,2026-07-22,4044
KG,2026-07-22,12915
Events,2026-07-22,998
Portal,2026-07-22,7939
CDN,2026-07-22,43414
API,2026-07-22,36976
Events,2026-07-23,594
CDN,2026-07-23,22361
Portal,2026-07-23,11737
API,2026-07-23,2791
KG,2026-07-23,6736
Apps,2026-07-23,4881
Portal,2026-07-24,6571
CDN,2026-07-24,15381
API,2026-07-24,2565
Apps,2026-07-24,5604
KG,2026-07-24,11718
Events,2026-07-24,820
API,2026-07-25,1680
KG,2026-07-25,6222
Portal,2026-07-25,7524
Apps,2026-07-25,7382
CDN,2026-07-25,7732
Events,2026-07-25,242
API,2026-07-26,786
Portal,2026-07-26,5583
KG,2026-07-26,8445
Events,2026-07-26,796
Apps,2026-07-26,3018
CDN,2026-07-26,7380
CDN,2026-07-27,13233
Events,2026-07-27,625
Apps,2026-07-27,3208
KG,2026-07-27,9577
API,2026-07-27,2412
Portal,2026-07-27,8737
Apps,2026-07-28,3886
API,2026-07-28,3049
CDN,2026-07-28,16268
KG,2026-07-28,8755
Events,2026-07-28,1154
Portal,2026-07-28,6885
KG,2026-07-29,8863
Events,2026-07-29,1858
API,2026-07-29,36504
Portal,2026-07-29,7238
Apps,2026-07-29,3893
CDN,2026-07-29,16720
Portal,2026-07-30,12608
Events,2026-07-30,1904
KG,2026-07-30,7374
Apps,2026-07-30,4295
CDN,2026-07-30,18905
API,2026-07-30,3796
API,2026-07-31,1898
Apps,2026-07-31,3798
Events,2026-07-31,1841
Portal,2026-07-31,6387
KG,2026-07-31,9558
CDN,2026-07-31,19134
Events,2026-08-01,913
API,2026-08-01,425
Portal,2026-08-01,7361
KG,2026-08-01,12165
Apps,2026-08-01,4021
CDN,2026-08-01,9215
API,2026-08-02,775
Portal,2026-08-02,7582
KG,2026-08-02,12767
Apps,2026-08-02,4124
CDN,2026-08-02,7133
Events,2026-08-02,637
API,2026-08-03,3077
KG,2026-08-03,7253
Apps,2026-08-03,12131
Portal,2026-08-03,5459
Events,2026-08-03,3748
CDN,2026-08-03,10334
KG,2026-08-04,6509
Events,2026-08-04,806
API,2026-08-04,2169
Portal,2026-08-04,6704
CDN,2026-08-04,17621
Apps,2026-08-04,2751
Events,2026-08-05,614
KG,2026-08-05,10005
Portal,2026-08-05,8532
CDN,2026-08-05,43195
Apps,2026-08-05,3858
API,2026-08-05,36177
KG,2026-08-06,6446
Events,2026-08-06,900
CDN,2026-08-06,77004
Apps,2026-08-06,3966
API,2026-08-06,2162
Portal,2026-08-06,8258
KG,2026-08-07,7282
CDN,2026-08-07,75084
API,2026-08-07,1599
Apps,2026-08-07,3004
Events,2026-08-07,732
Portal,2026-08-07,7939
CDN,2026-08-08,43406
Apps,2026-08-08,2852
Events,2026-08-08,457
API,2026-08-08,1291
KG,2026-08-08,4766
Portal,2026-08-08,8715
API,2026-08-09,766
Apps,2026-08-09,4127
Events,2026-08-09,417
Portal,2026-08-09,6998
CDN,2026-08-09,33055
KG,2026-08-09,10470
API,2026-08-10,2770
Portal,2026-08-10,9059
CDN,2026-08-10,57886
Apps,2026-08-10,3071
KG,2026-08-10,6961
Events,2026-08-10,2603
Apps,2026-08-11,3934
Events,2026-08-11,2508
API,2026-08-11,2950
Portal,2026-08-11,7386
KG,2026-08-11,6601
CDN,2026-08-11,88301
Apps,2026-08-12,2634
Portal,2026-08-12,7109
Events,2026-08-12,2642
API,2026-08-12,38749
KG,2026-08-12,8491
CDN,2026-08-12,56813
CDN,2026-08-13,12459
Portal,2026-08-13,8434
KG,2026-08-13,6329
Events,2026-08-13,1181
Apps,2026-08-13,3065
API,2026-08-13,1905
CDN,2026-08-14,19482
Apps,2026-08-14,4580
KG,2026-08-14,10511
API,2026-08-14,43877
Portal,2026-08-14,13298
Events,2026-08-14,1970
API,2026-08-15,3772
KG,2026-08-15,9667
CDN,2026-08-15,6682
Portal,2026-08-15,6233
Apps,2026-08-15,3904
Events,2026-08-15,1126
API,2026-08-16,1727
CDN,2026-08-16,6403
Portal,2026-08-16,6047
Apps,2026-08-16,5428
KG,2026-08-16,8364
Events,2026-08-16,187
Apps,2026-08-17,3738
Portal,2026-08-17,6435
KG,2026-08-17,10818
API,2026-08-17,2548
CDN,2026-08-17,65132
Events,2026-08-17,724
KG,2026-08-18,7156
Portal,2026-08-18,12180
Events,2026-08-18,814
CDN,2026-08-18,19835
API,2026-08-18,2760
Apps,2026-08-18,2962
API,2026-08-19,37149
Events,2026-08-19,824
Apps,2026-08-19,5860
Portal,2026-08-19,10339
KG,2026-08-19,13596
CDN,2026-08-19,15523
CDN,2026-08-20,12190
KG,2026-08-20,7200
Apps,2026-08-20,3571
API,2026-08-20,3176
Events,2026-08-20,604
Portal,2026-08-20,9294
KG,2026-08-21,10521
Apps,2026-08-21,3469
API,2026-08-21,1333
CDN,2026-08-21,14954
Portal,2026-08-21,9477
Events,2026-08-21,839
API,2026-08-22,751
Portal,2026-08-22,8012
KG,2026-08-22,7011
CDN,2026-08-22,12034
Apps,2026-08-22,3125
Events,2026-08-22,1217
CDN,2026-08-23,12855
KG,2026-08-23,7447
Events,2026-08-23,590
Apps,2026-08-23,2969
Portal,2026-08-23,5878
API,2026-08-23,974
KG,2026-08-24,6867
Events,2026-08-24,1024
CDN,2026-08-24,13427
Portal,2026-08-24,7494
Apps,2026-08-24,2856
API,2026-08-24,1696
Portal,2026-08-25,8729
KG,2026-08-25,8065
Events,2026-08-25,684
CDN,2026-08-25,15788
API,2026-08-25,1451
Apps,2026-08-25,3411
API,2026-08-26,37071
Events,2026-08-26,623
Apps,2026-08-26,3993
KG,2026-08-26,6740
CDN,2026-08-26,31876
Portal,2026-08-26,8668
Apps,2026-08-27,4415
API,2026-08-27,2241
KG,2026-08-27,18082
Events,2026-08-27,1680
Portal,2026-08-27,10891
CDN,2026-08-27,26385
Portal,2026-08-28,9055
API,2026-08-28,1480
CDN,2026-08-28,20021
Events,2026-08-28,1567
Apps,2026-08-28,5139
KG,2026-08-28,9838
CDN,2026-08-29,10761
API,2026-08-29,784
Portal,2026-08-29,6741
Apps,2026-08-29,4982
KG,2026-08-29,7090
Events,2026-08-29,348
KG,2026-08-30,7073
API,2026-08-30,533
Portal,2026-08-30,9222
Events,2026-08-30,408
Apps,2026-08-30,3816
CDN,2026-08-30,12315
CDN,2026-08-31,23062
Portal,2026-08-31,14766
Apps,2026-08-31,3631
KG,2026-08-31,7370
API,2026-08-31,2013
Events,2026-08-31,834
API,2026-09-01,1886
Events,2026-09-01,930
KG,2026-09-01,8422
CDN,2026-09-01,22851
Portal,2026-09-01,12826
Apps,2026-09-01,4001
KG,2026-09-02,6104
API,2026-09-02,1731
CDN,2026-09-02,20538
Events,2026-09-02,1106
Portal,2026-09-02,7968
Apps,2026-09-02,4321
KG,2026-09-03,8136
Events,2026-09-03,813
Portal,2026-09-03,6369
API,2026-09-03,1389
CDN,2026-09-03,11128
Apps,2026-09-03,4605
KG,2026-09-04,6444
Events,2026-09-04,657
CDN,2026-09-04,17732
Portal,2026-09-04,8526
Apps,2026-09-04,3804
API,2026-09-04,1049
CDN,2026-09-05,30353
API,2026-09-05,559
KG,2026-09-05,6080
Events,2026-09-05,331
Portal,2026-09-05,7717
Apps,2026-09-05,2342
API,2026-09-06,716
Portal,2026-09-06,13332
CDN,2026-09-06,31486
KG,2026-09-06,6469
Events,2026-09-06,677
Apps,2026-09-06,2866
Portal,2026-09-07,24004
Apps,2026-09-07,4017
Events,2026-09-07,1399
KG,2026-09-07,7063
API,2026-09-07,1319
CDN,2026-09-07,35702
Events,2026-09-08,2175
API,2026-09-08,2515
KG,2026-09-08,12507
CDN,2026-09-08,41639
Portal,2026-09-08,37592
Apps,2026-09-08,6424
API,2026-09-09,13176
Events,2026-09-09,1995
CDN,2026-09-09,43487
KG,2026-09-09,9153
Portal,2026-09-09,20782
Apps,2026-09-09,3263